title,rate,comment
"
銀座で鶏・煮干・蛤のトリプルそば
",3.7,"
          2020/07/16（木）、昼食に。あっさりラーメンを求めて、保存している中からこちらを選択しました。JRの駅からは少し離れますが、今日は珍しく雨予報もないし、ちょっと涼しいし少し歩いても良いかなと思って。ってか今年の梅雨、長くない？11時25分頃の到着で、2名の列がありましたが、5分早いけどオープンした所でした。ちょっと早く開けてくれると嬉しいですね。入店後はそれほど時間を置かずに満席になり、少し列ができていました。さすがは有名店。頂いたのは、特製の鶏・煮干・蛤のトリプルSOBA。蛤SOBAに興味があったんだけど、セオリーと言われる券売機の左上には鶏SOBAだし、ちょっと悩んだ結果、じゃぁ全部欲張っちゃいましょうという事でトリプルに決定。私も欲張りなんだなーと自己分析していたら、大半のお客さんがトリプルを注文していました。これが一番人気っぽいですね。まずは蛤の殻入れを用意していただき、紙エプロンの有無を聞かれます。接客も丁寧な感じです。少し待ってラーメンが到着。結んだカマボコや素揚げした長芋が乗っており、見た感じ器の中が賑やかです。頂いてみると、スープは意外と鶏が中心にあって頂きやすい味です。そこに魚介系が適度に香って、優しい味わいになっています。塩味もそれほど強くなくて好みです。麺は、加水少なめのパツンと切れる中細麺のストレートで、私はもう少しツルツルしている方が好みだけど、小麦の香る良い麺だと思います。あと、チャーシューは豚ロースと鶏ムネの低温調理で、意図的に脂身の少ない部位を選んでいるのでしょうか、あっさり頂けて美味しいです。味玉も黄身が流れそうな半熟で、卵自体もかなり美味しいやつでした。全体にお上品な醤油ラーメンという感じですが、油分も適度にあるのでちゃんと食べ応えもあって美味しかったです。この食べ応えというラーメンの罪悪感は結構重要なんですよねーｗ
        "
"
銀座「むぎとオリーブ」フレンチ職人が提供するビブグルマンのお店！
",3.5,"
          未分類2020.06.30銀座「むぎとオリーブ」フレンチ職人が提供するビブグルマンのお店！ツイートシェアはてブ送るPocket洗練された大人の街、銀座にやってきました。土地柄この界隈で流行しているラーメン屋さんはシェフから独立した人や、ミシュランのビブグルマンを取得している名店「篝」などのお店も存在します。そんな中、本日は行列店「八五」にいこうと思ったのですが、見事に売り切れておりましたので他のお店を探すことに。。Googleの「行きたいラーメン屋リスト」にあった「むぎとオリーブ」に行くことにしました。ここもやっていなかったら完全に凹むところでしたが、営業していました！銀座「むぎとオリーブ」フレンチ職人が提供するビブグルマンのお店！個々のお店は本店を銀座に構えるラーメン屋さんで、オーナーの岩田さんはフレンチのシェフ出身です。最近は神保町の「勝本」や「海老丸ラーメン」などこぞってレストランやフレンチからラーメン業界に名乗りを挙げる猛者が多く、食べる側としては非常に楽しませて貰えます。お店に到着すると「ここはラーメン屋なのか。。？」と言う外観のお店が姿を現します。実にオシャンな佇まいである。過去に、同じく銀座のビブグルマンを獲得している「篝」に行った時は、実にお客さんの8割が外国の方で、日本のラーメンが認められているような気がして少し嬉しくなりました。この日はお昼過ぎにお店に到着したのですが、私の前に３人程並んでいましたが、すぐに入ることができました。店員さんが丁寧に案内してくださりました。さすがフレンチシェフ、心配りが嬉しいです。むぎとオリーブの店舗展開について銀座本店のほかに、「日本橋（コレド室町２）」、と「さいたま新都心」、「羽田空港第２ターミナル」にも分店があります。本店は非常に並ぶ印象がありますが、他のお店であれば並ばずに入れるというレビューが多いので、是非参考にしてみてください。むぎとオリーブのオススメメニューメインのメニューは、・鶏SOBA¥980・蛤SOBA¥1000・まぜそば¥900があり、これにそれぞれ特製トッピングのメニューがあります。本日食べたのは鶏SOBA非常にバランスが取れており、ラーメン全体としても非常に完成度が高いと感じましたが、今回は久しぶりに麺で感動しました。こういった繊細な醤油系のラーメンには細めで全粒粉を使用して、奥歯で噛むと僕僕とした食感の麺が使用されると思いきや、意外と太いです。太いけれどもその中細加減の麺がこのスープと非常にマッチしているのです。スープスープは鳥取大山丸鶏を使用した出汁と鶏油が特徴で、かえしの作りも非常に凝っております。３種類の老舗蔵の醤油を独自にブレンドして作られています。だしの旨味とかえしの何ともいえないコクが口の中で広がり、それに合わせて鶏油の香りも高くむちゃくちゃおいしい。かつての町田の名店「ロックンロールワン」や「トイボックス」を想起させる絶妙な醤油感と鶏油のバランスでした。京都の老舗製麺屋「麺屋棣鄂」と共同開発した麺麺を構成する小麦にもこだわっており、北海道だけでも20種類以上の小麦粉を使い分けスープや具材との相性を重視して試作を重ねたものだそうです。実際に食べてみて意外とシッカリした麺だということに驚きました。醤油と鶏油のバランス型のスープには比較的細麺で適度な歯切れの良い麺が合うように思いますが、ここの麺は結構しっかりしています。中細のストレート麺です。意外と太い歯切れがよく口の中で小麦の香りが広がります。太いけれどもその太さがこのスープに自然とマッチしているのです。チャーシューまた美味しいのがこのレアチャーシュー。これも最近流行している歯切れのよいプルプルとした食感のチャーシューで、この醤油ベースのスープに色も味も非常にマッチしています。チャーシューの中心部を贅沢に利用したチャーシューだけあり、最高の味と食感です。むぎとオリーブのオススメの食べ方麦とオリーブはこれまでのラーメン屋になり食べ方も進めてくれます。エシャロットオリーブオイルをラーメンにかけるのです。まさに黄金である。。。前半は自由の香りを楽しみ、後半はオリーブオイルの香りと麺の小麦の香りを楽しむことができます。後半戦のオリーブの香りに包まれたラーメンもとにかく美味しいです。この手のラーメンでこういった味変ができるお店もなかなかないのである意味新しいと感じます。ごちそうさまでした！「むぎとオリーブ」店舗情報03-3571-2123東京都中央区銀座6-12-12銀座ステラビル1F・東京メトロ都営浅草線「東銀座」駅(A1出口)より、徒歩５分・東京メトロ丸の内線/銀座線/日比谷線「銀座」駅(A5出口)より、徒歩６分・東京メトロ有楽町線「銀座一丁目」駅(９番出口)より、徒歩10分・JR「新橋」駅(汐留口)より、徒歩12分東銀座駅から284m営業時間【平日】11:30～22:00（L.O.21:45）【土・祝】11:30～21:00（L.O.20:45）※いずれもスープ無くなり次第終了※基本的には通し営業ですが、仕込みの都合上15:30より2時間程、店を閉める場合もございます。定休日日曜食べログ
        "
"
前回のは訂正します
",3.4,"
          前回鶏そば食べたときの感想としては関東風雑煮でしたが今回食べたのは鶏、蛤、煮干しのラーメン１０００円です。やはり、煮干しと蛤が追加されることによって味にうまみの層ができて、おいしくなっていました。ざらざらの麺もスープをしっかり絡みつき良かったですね。混んでなかったら、また訪れるかもです。
"
"
GINZA SIX前のむぎとオリーブ 銀座店
",3.9,"
          【2019年百名店】【2018年百名店】【2017年百名店】【ミシュランビブグルマン】数年前に万世橋近くに出来た支店で、ここのラーメンを食べましたが・・何だかな～って位に印象が無く、程なくして閉店してしまいました。なので、ここを通り掛かってもすぐ近くの「けいすけ」の方に行ってしまい実は初訪問の「むぎとオリーブ 銀座店」です。入って右側に券売機が有って、店内は１席ずつ間を開けて営業中。鶏・煮干・蛤のトリプルＳＯＢＡ；1000円目の前に使用する麺の貼り紙が・・京都の麺屋棣鄂トリプルスープは何かの味を強調する事の無いバランスの取れた物で、醤油もそこそこ強調これなら外人さんでも理解しやすいラーメンと思われる味です。具はサラダチキン風低温調理の物と桑名産ハマグリ、三つ葉、カニカマ？他の店で食べる麺と少し異なりパツパツ感が強調されてます。危ういバランスの上に成り立ってるラーメンなので、本店じゃないと味が保てない気もします。
        "
"
トリプル出汁パンチや…
",3.8,"
          めちゃくちゃ行きたかったラーメン屋の1つでフレンチ出身のシェフが営業するお店。ビブグルマンも獲得しており、日本橋や埼玉にも店舗があります。注文は「鶏・煮干・蛤 トリプルSOBA」¥1000綺麗な盛り付けです。具材は蛤、ねじれたナルト、鶏チャーシューに長芋、三つ葉。来た瞬間からスープの良い香りがふわっと。1口飲んでみると優しい醤油の中にも旨味がぎっしり！鶏、煮干、蛤それぞれの出汁が良い塩梅でめっちゃ美味かったです( ´∀｀)♪麺の麦の香りもしっかり感じました。しっとり鶏チャーシューも結構枚数が入っていて嬉しいですね。卓上にオリーブオイルがあったんですがこれを入れるとまた違った味に変わります。ラーメンにオリーブオイルも合うのか！それとも、このラーメンだから合うのかな？ラーメンの他に美味いと評判の「卵かけごはん」や「キーマカレー」もめちゃくちゃ気になりますねぇ〜
        "
"
【鶏 煮干 蛤 トリプルSOBA】
",3.9,"
          【2019 ラーメン TOKYO 百名店】元フレンチシェフの作る カフェのような お洒落なラーメン店です銀座にテイクアウトを取りに来て中途半端な時間に お店の前を通るとこのご時世…いつも 行列ですが 店内はガラガラでソーシャルディスタンスも 確保！『一蘭』さんのような 仕切りまであるので店内で 頂きました【鶏 煮干 蛤 トリプルSOBA】¥1000鶏は大山鶏、蛤は桑名蛤を使用していてそこに 煮干しまで 合わせちゃうとは！？【スープ】ブレンドされた 醤油ベースで煮干し→鶏→蛤 の順番でそれぞれの旨みが 仕掛けてきます♪割りと あっさりしているのに コクも しっかりしていて全部飲み干したくなる スープです♪【麺】加水率低めの 中細ストレート麺であっさりスープと 相性バッチリ♪【トッピング】低温調理のチャーシュー三つ葉、海苔、蛤、蒲鉾は結んで、オリーブオイルで 素揚げされた 長芋まで！味はもちろん ビジュアルまで美しい素晴らしいラーメン…じゃなく『SOBA』ですよ (^o^)/
"
"
東銀座駅近くのむぎとオリーブでトリプル
",3.8,"
          ［3.5基準］訪問時3.79点。百名店ラーメントーキョー2017,2018,2019。東銀座駅から徒歩5分ぐらいのところにあるお店。土日休日のお昼前にやってきた。先客は店内半分ぐらい。男性多めだった。店内はカウンターの場所が2ヶ所あり広い。音楽流れていた。注文したのは特製トリプル鶏、煮干し、蛤そば1300円。（税込）良かった感想はスープは塩気とともに淡さもある。おそらく蛤の影響かなと思うがそこに鶏の香りもしていた。麺は四角を覚える硬めで細麺。この麺の味自体が強くしっかりした味がする。トッピングはチャーシュー2種類、玉子、三つ葉、山芋、海苔、蛤、ナルトというか蒲鉾。チャーシューは鶏の方はしっとりジューシーで、豚の方は少し硬めに感じた。玉子はあえて玉子と書いたがあんまり味を染みこませていないタイプに感じた。たまたまかもしれないが。三つ葉はアクセントに良い。山芋はシャクッとするのが多いがホクっとした食感で面白かった。蒲鉾は味自体しっかりして良い。思ったマイナス点はスープは好みの問題だがトリプルにして良い配分で合わせたのかもしれないが、合わせたことによって全体的に味がふわふわしたものというか芯がしっかりないものに感じた。1つ1つが薄くなりありふれた味に思う。あと貝殻はやっぱり面倒。ごちそうさまでした。
        "
"
平日12時ちょっと過ぎ_鶏SOBA950円
",4.3,"
          4月、平日12時頃に来店。コロナ+雨のせいか店内は4名のみと寂しい限り。最近チェックしている衛生面としては、マスク全員着用がデフォルトになって来ましたね。此方のお店も全員着用していましたが、アルコール消毒スプレーが入口に無いのは残念でした。(私はマイ次亜塩素酸水持っているのでそれで消毒)【駐車場情報】目の前の道路にパーキングメーターが有ります。その他は公営の東銀座地下パーキングが30分250円でした。(★1点☆0.5点で評価。＋－は気持ちですが、CPも考慮しての★なので絶対評価では有りません)鶏SOBA950円★★★★☆スープ醤油→出汁と来るタイプ。カエシの強い塩気を感じたのでスープは完飲しませんでしが、味としてはとても完成度の高い醤油スープで、深いコクと醤油のパンチが印象的です。麺残念ながら全粒粉では有りませんが、スープのキャラに合ったストレート細麺で、かなり硬めの茹で具合でした。鶏チャーシューこれは美味しい!!適度にレアで柔らかく美味しい鶏でした。鶏チャーシューは滅多に褒めないんですけど、これは素直に美味しいし3枚入っていました。豚チャーシュー低温調理系の豚チャーシューはかなり噛み応えの有るタイプ。炙って有るので香ばしさも良い感じ。【総評】一番基本(安い)の左上のメニューを選びました。基本の鶏SOBAでも具材が少ない事は無いので、950円と言う価格設定を加味しても満足度は高いです。次は蛤かトリプルか迷うな...
        "
"
銀座のおいしいラーメン屋さん！
",4.0,"
          随分昔にブックマークしたまま、なかなか訪問の機会なく、時は流れ…。はや何年かな？やっと、むぎとオリーブさんに行くことが出来ました。コロナのせいだと思いますが、休日のお昼にもかかわらず、店内はがらがらでした。せっかくなので、蛤、鶏、煮干しのトリプルそばの特製１，３００円也にしました。特製なので、具が沢山です。チャーシューは鶏と豚の二種類。他に、蛤、煮卵、山芋、三つ葉、紅白の練り物、刻んだネギなど。麺は中細ストレートです。トリプルスープは適度に脂分もあり、ちょっと濃いかな？と言う気もしましたが、とってもおいしいです。麺は歯応えよく、個人的にはもっと細くて低加水なのが好きなのですが、こちらの麺もまたおいしいですね。鶏のチャーシュー？が絶品です。ムネ肉なんだと思いますが、不思議と柔らかいのです。いや～、おいしいです。豚肉の方も同様に柔らかく、だからと言って、脂が多い訳でもなく、いいですね～。山芋はあんまり必要性を感じませんでしたが、煮卵もとろーんと絶妙の茹で加減で、おいしかったですね～。全体的に、四つ葉さんに似ているな？と言う気がしましたが、とってもおいしくいただきました。ごちそうさまでした！
        "
"
銀座の百名店の優しく滋味深い味わいの「SOBA」
",3.6,"
          この日、緊急事態宣言中ながら社用でやむなく出社し、ランチでこの店に行った。この店に行くのは二度め。前回は非常に満足した記憶がある。2017年から三年連続で百名店入りしていて、2015年から2017年までミシュランビブグルマンに選ばれていたこの店は、普段ならば行列必至だが、このときばかりは店内はガラガラで気の毒なくらいだった。メニューは、桑名産蛤のだしを使った「蛤SOBA」、大山鶏だしと数種類の醤油を使った「鶏SOBA」、蛤・鶏・煮干しの三種類のだしをブレンドした「トリプルSOBA」があり、それらの特製SOBA、まぜSOBA、つけSOBAがある。特製ではない「トリプルSOBA」(1000円、内税)を注文した。注文すると、すかさず汁跳ね防止の紙エプロンを勧めてくれた。そうした気遣いに加え、ラーメン屋らしからぬ洒落た外観、小綺麗な店内、油や調味料を控えたあっさりとした味わい等から、普段ならば女性客も多い。トリプルSOBAは、蛤と鶏と煮干しのだしが効いていて、あっさりとしながらも味わい深く、細麺との相性も良い。低温調理のチャーシューは脂身が無く、あっさりとしたスープとマッチしていた。フレンチの技法を使いながら、和も感じる「SOBA」は、全体的に優しく、慈味深かった。食後の満足感は今回も高かった。ご馳走さまでした。
        "
"
""上品""な鶏SOBAを食す！
",3.7,"
https://xn--qck4e3a318y34z.com/休日の昼の時間に1人で利用しました。店内は、カウンター席のみで15席程ありますが、この時期ということもあって、間を空けて着席することになりました。この日注文したのは、『特製　鶏SOBA』。利用した後に、他の人の口コミをみていると、「特製 鶏・煮干・蛤」の『トリプルSOBA』を頼んでいる人が多かったので、次はそれを注文しようと思います。スープは、「醬油ベースの鶏がらスープ」で、深いコクと旨みが味わえる上品なスープです。また、雑味もないので最後まで飲み干すことができます。麺は、中細のストレート麺で、水分少なめの硬めです。また、ラーメンには「チャーシュー2種類」「玉子」「ナルト」「長芋」「ネギ」「三つ葉」「のり」「かつお節」がトッピングされています。2種類のチャーシューは、ジューシーで適度に柔らかい「鶏チャーシュー」と香ばしい風味と噛み応えのある「豚チャーシュー」が使用されています。山芋の”ホクホク感”もラーメンには珍しく印象に残っています。卓上のオリーブオイルは、適度に入れると味にまろやかさ出るので、後半に入れるのをおすすめします。ラーメンの味は勿論、お店の雰囲気も良かったので、また、近々利用したいと思います。
"
"
いつまでも飲み続けたいスープと美味しい麺♪
",3.7,"
          ずっと行きたかったこちら、行列が出来るようなので余裕がある時しか来れないなぁと11時24分に到着すると既にオープンしてるΣ(ﾟдﾟ；)風強い中待つの嫌だなぁと思ってたから嬉しい(≧∇≦*)無事1巡目で入店。購入したのは☆鶏煮干蛤のトリプルsoba¥1000☆味玉¥150全体的に高め設定なのは場所柄かなぁ。紙エプロンの有無を聞いてくれます。紙おしぼりと蛤の殻入れがあるのも有難い。4分で着丼！結ばれたかまぼこが可愛い♪素揚げの山芋まで入ってます。スープはまず蛤がブワッと来てその後に鶏と煮干の滋味深い味が広がります。旨みがハンパねぇー！！めっちゃ美味しい(≧∇≦*)ってかいつまでも飲み続けたいスープ。醤油もキリッとし過ぎずタイプ。多めに散りばめられた三葉もよく合います。ていがくの細麺はデフォで固めなのが嬉しい！小麦の香りも高く蕎麦のようなボソッとした麺。スープの絡みもしっかり！味玉は黄身が流れるくらいの半熟加減。味は上品なのでスープと食べる方が美味しい。鶏チャーシューはデフォで3枚も！パサつきなく普通に美味しい。蛤も身離れよく食べやすかった。スープと麺が美味しいだけにトッピングが普通に思えちゃったかなぁ。危うく完飲しそうになりました！ご馳走様でした！
"
"
繊細な蛤SOBAとジャンクなドライカレー飯
",3.7,"
          銀座での打ち合わせ前に、ランチでむぎとオリーブ 銀座店さんを訪問して来ました。場所は、銀座駅、東銀座駅から徒歩5〜6分。銀座一丁目駅や新橋駅からも徒歩圏内。素材や調理法にこだわったラーメンが人気のお店。前日の深酒ダメージを癒すべく、かなり久々に訪問しました。13:10頃に到着。行列は無く店内へ。外観、内装共に可愛らしいカフェのような雰囲気。入り口の券売機で先に食券を買います。むぎとオリーブさんのSOBA(ラーメン)は、鶏、蛤の二本柱。更に煮干を加えた、鶏・煮干・蛤のトリプルSOBA、鶏・蛤のつけ麺、濃厚卵のまぜSOBAなどもラインナップされています。今回は、・特製 蛤SOBA 1,300円・ドライカレー飯 250円の、合計1,550円をオーダー。鶏やトリプルももちろん美味しいのですが、個人的にはシンプルな蛤SOBAが一番好み。そして繊細なラーメンと相反するジャンクなドライカレー飯も外すわけにはいきません。座席はカウンターのみ15席。空席は2席のみ。私も食券を渡し着席。卓上には、ミル入り胡椒、エシャロットで香り付けされたオリーブオイル、箸、楊枝、紙ナプキン、お水のピッチャーが常備されており、着席後、紙おしぼり、お水、蛤の殻入れ用容器が出されます。2分程でドライカレー飯が、更に1分程で特製 蛤SOBAが到着。独創的でド派手なビジュアル。特製は、中細ストレート麺、殻付き蛤、ネギ、三つ葉、結ばれた紐状のなると、鶏チャーシュー×4、豚チャーシュー×2、海苔×3、長芋の素揚げ、味玉と言う構成。蛤は三重県桑名直送の新鮮なもの。小さめですがしっかりと出汁が出ていました。スープには、埼玉、群馬、香川の老舗蔵の醤油をブレンドしたものが使われています。仕上げに大山鶏の鶏油が加えられたスープは、丸みがあって優しい味。魚介、鶏、醤油のバランスも見事！コクや深みも感じられる絶品のスープですね。具材もそれぞれ優秀。特に美味しかったのは鶏チャーシューと味玉。低温調理された鶏チャーシューはそこそこ厚みもありますが、柔らかくしっとりとジューシーな仕上がり。味玉は半熟具合がパーフェクトでした。続いてもう一つの主役、ドライカレー飯。辛さ控えめで甘めのドライカレーがたっぷりとご飯に乗せられ、真ん中にはケチャップが少々。繊細で上品な蛤SOBAと相性と言う面では微妙かも知れませんが、挽肉好きなので素直にモリモリ頂きました。スープまで完飲し、大満足でフィニッシュ。外観、内装、味、盛り付けなど、女子ウケも抜群のお店です。この日も女性比率が6割以上でした。何を食べても外さないお店ですが、個人的には蛤SOBA＋ドライカレー飯の組み合わせを強くオススメします！
        "
"
蛤がいい出汁だしてます
",3.6,"
          ジャンル：ラーメン最寄り駅：東京メトロ「東銀座駅」徒歩5分（最近駅）到着日時：2020年3月　土曜日　12時行列人数：8人待ち時間：15分注文商品：鶏.煮干.蛤トリプルSOBA1000円コメント・かまぼこが結んであるのが特徴のこちらのお店鶏.煮干.蛤のトリプルSOBAをチョイススープは鶏と蛤が前面にでていて、煮干しが弱い印象ですが、バランスが良いですね蛤は出汁だけでなく、トッピングで6個もありますよ！麺は中細ストレートでパツパツで旨し三つ葉がアクセントになっているので香りがいいですね気になる点がひとつ食べ終わりの終盤、スープが残っている状態で小休止していたら、「こちらはもうよろしいでしょうか？」と問いかけられ、突然だったので「あっはい」と言ってしまって、完汁出来なかったのが残念・・・ラーメン屋さんで初めての体験でしたこういうもんですかね？？ごちそうさまでした！
"
"
彩り豊かな蛤SOBA。美味いです(^^)
",3.8,"
          銀座のラーメン屋。銀座駅、東銀座駅より歩いて5分圏内の場所にあります。ラーメン店としては初めてミシュランガイドのビブグルマンに選ばれた有名店です。平日13時ごろ行き、待ちは5名。こちらは先に店内に入って食券を買い、その後並ぶ形式のようです。後から店員さんが食券を取りにきます。ちょうど入れ替わり直前のタイミングだったようで、15分後くらいに着席できました。券売機にて以下を購入。✔︎特製 蛤SOBA（1300円）着席後2〜3分で着丼。座ってからは早いですね。食券を渡した時点で作り始めてたのかな？具材はめちゃくちゃ豪華ですね！もはや詰め込み感はありますね(^^;;器を大きくした方が良いのでは？と思ってしまった。・はまぐり5枚（三重県桑名直送）・低温調理チャーシュー4枚・レアチャーシュー3枚・のり3枚・味玉・結びなると・やまいも3本・三つ葉・ねぎスープは蛤の出汁がしっかり利いており、美味い。上に浮いている油は多分鶏油ですね。麺は少々硬い麺、コシや喉越しとも違う感覚。昭和6年創業の京都の老舗製麺所「麺屋 ていがく」との共同開発によるオリジナル麺だそうです。具材もオリジナリティがあり彩りも良し。スープも自分好みで非常に美味しかったです♫外国語で書かれたメニュー表が券売機に貼ってあり、外国人の訪問客も多いみたいです。
        "
"
ラーメンを語る１０４４　むぎとオリーブ銀座
",3.9,"
          今回は久々の銀座。寒さが収まって歩きやすくなったかなと思ったら今度は花粉症。というか世の中はコロナ。といいうわけで銀座の人通りも心なしか少なく、外国語はめっきり聞こえない。ということで銀座一番店のむぎとオリーブへ。こちらはさいたま新都心で以前行きましたが銀座は初めて。蛤、鶏といつも迷うのですが、結局全部楽しめる特製トリプルSOBA1300円を注文。そうそう、紙エプロンを出していただけました。さあ、やってきました。まずは麺。細麺ストレート。小麦感高し。麺が長めでぼくボクとした感じ。うまいですね。スープもよくなじんでおいしくいただけます。量は普通なので物足りない場合は大盛がおすすめ。次にスープ。あっさりの醤油スープ。鶏、蛤、煮干の出汁ですが、和食のような控えめなうまみ。チー油が膜を張りしっかり脂感はあるが、あくまで主役は出汁。料理ですね。そして具。鶏チャーシューは低温調理の胸肉。あっさりでもっさり。個人的には毎度言う通りラーメンには合わないと思いますが1枚くらいはスープとなじませおいしくいただける。でも4枚は飽きるかな。ローストポークは2枚。こちらも低温調理なので香ばしく歯切れよくジューシーというよりはむにゅむにゅじわじわと味わうタイプ。個人的にはラーメンには焼き豚煮豚の方が合うなあ。でも、たぶんスープの味わいが崩れるのであえて低温調理のスープに影響を与えない調理法を選択しているのでしょう。三つ葉たっぷりこれも和風。そして長芋？これがうまい。他では見たことないですね。ナルト縛りですか。これもこの店で初めて見た。いける。味玉も黄身が美しい。そして小さいけどアサリではない。ちゃんとハマグリが４つ。うまい。洋食の技法と和食のテイストがマリアージュした高度なラーメンがいただける店。銀座に来たら一度は是非。ラーメンって本当においしいものですね。それではまた。アメブロに変更しました。https://ameblo.jp/yokohama-rameo
"
"
信じられない逸品‼️ 鶏 煮干 蛤トリプルSOBA最強@東京都中央区銀座
",4.9,"
          〜レアチャーシューをもとめて〜令和2年平日13時半過ぎ運良く待ち無し券売機で特製 鶏 煮干 蛤トリプルSOBA ¥1.300ドライカレー¥250総計¥1.550をポチッと‼️着席後、直ぐにドライカレーが提供されました。キーマカレー好きなんです！とても美味！らーめんも5分程で提供うわあ豪華ですねーナルト？変わった形ですね。固定概念が覆りました。早速スープから出汁ってやっぱり凄いですね。鶏の旨味に煮干しの風味さらには蛤の味もしっかりと出ています。美味いです。細麺との相性はバッチリでした。トッピングされた具材もいいですねー味玉は半熟で味付けもグッドそして主役の蛤も小ぶりですが6個も入ってました。鶏チャーシューがたっぷり入って柔らかぁ豚レアチャーシューも最高です。3枚海苔も良い役目を果たしています。その他、山芋と三つ葉の構成何気に山芋の食感が堪らず美味しく印象的でした。もう美味し過ぎてスープを完飲してしまいました。
"
"
鷄・煮干・蛤トリプルSOBA
",-,"
          --回転が早いその訳は--GINZASIXの裏手にお店を構えている。何故かこの通りには様々なタイプのラーメン店がひしめきあう。土曜日の12時半。出遅れは承知の上、このご時世なら空いているのではないかと思ったのだが甘かった。並ぶ人の列は10人を裕に上回る。しばらくすると店員さんが出てきて、食券の購入を促されたので「鷄・煮干・蛤トリプルSOBA」の食券を購入して再び列に加わった。前回訪問時にも感じた事だが、ラーメン店としては珍しく女性のひとり客の姿が多いのも特徴のひとつ。そして、次々とお客さんが出てくる。とにかく回転が早い。結局、10人以上あった行列が、ものの15分と掛からずに消化された。--いくらなんでも・・・--店内は奥に向かってカウンターが伸び、更に奥から左側にもカウンターが広がっている。その奥のカウンター席に案内されるとジャケットを脱ぎ終わらないうちに着丼。丼を目の当たりにしながら着席。早いに越した事はないが、幾ら何でもこれは度を越している。お水で口の中をリセットして、調理の様子を見たり、メニューを確認しながらラーメンが来るのを待つ。という一連の所作が行えず、慌ただしくてどうにも落ち着かない。--鷄・煮干・蛤トリプルSOBA--スープをひと口。最初に飛び込んで来るのは蛤の香り。そして、鶏、煮干しが後から続く。麺は小麦の旨味が感じられる中細麺で全粒粉ほど香りが強すぎず好感が持てる。具は鶏チャーシュー、蛤、ねじれナルト、三つ葉、揚げた長芋に薬味のネギ。鶏チャーシューは臭みはないが、特に旨味がなく、蛤も既に出汁に旨味が出てしまった印象だ。揚げた長芋の香ばしさと三つ葉とスープが混ざり合うと、不思議とお雑煮を彷彿とさせる味わいになる。最後に卓上にあったオリーブオイルをひとたらししてみたが、これはこれで悪くない。
"
"
平日14時なら並ばずに！　むぎとオリーブ＠銀座 | 246 Gourmet Street
",3.8,"
          銀座でラーメン食べたいなとふらり、GINZASIX裏へ。2014年から店を構えるむぎとオリーブ。https://twitter.com/mugiori 昔は裏にある印象だったけど、いまや人通りも増えて。素材や調理法に徹底的にこだわったこちらは、ミシュランガイドビブグルマンにも選ばれた人気有名店。お店は海外の人も多数。美味しいラーメンを求めてやってこられているようです。 注文はラーメン店来たらとりあえず特製の法則から、特製鶏・煮干・蛤のトリプルSOBA（1300円）を注文。醤油ベースに、蛤・煮干・鶏のトリプルスープ。スープを飲めばしみじみと美味しい蛤の滋味深い味わいがグッと来て鶏の旨味もしっかり。煮干はそこまで強くなく。 こちらの麺は、京都の老舗製麺所「麺屋棣鄂」と共同開発したオリジナルの麺。20種類の小麦粉をブレンドし、味や太さにこだわっているもの。若干硬めの茹で加減の中細麺がぱつっとしていてスープとよく絡んで〜うまい。具材は、レアに仕上げたロースチャーシュー、鶏チャーシュー。結ばれた蒲鉾、山芋、三つ葉、ネギ、海苔。小さめながら蛤は味わい深く。 人気店も14時過ぎれば並びなく座れるので、この時間オススメ。人気のビブグルマン店で、奥深いスープをゆっくり味わってみたい。
"
"
トリプルSOBA最高！
",3.8,"
          麺の「麦」とスープの「オリーブ」に因んだ店名。銀座三原通りにたたずむ小さな一軒家ですが、産地と素材にこだわった一杯で大人気のラーメン屋さんになり、ミシュランガイド何年か連続で獲得。12時半ちょっとで訪店する際外の待ち客は6人いましたが、回転が速いので5分足りず店内に案内してもらいました。まもなく注文した「トリプルSOBA」の登場！鶏とアサリと煮干しの三種類の出しをブレンドした贅沢な味わい。じっくり炊き上げた醤油ベースの黄金色スープには、滋味深い香りとおいしさが凝縮されています。麺はストレートタイプの細麺を使用し、つるつるとしててのどごしがよかった！スープや具材との相性を考慮して、ベストの太さ、小麦粉の配分等にとことんこだわっているようです。フレンチ技法を取り入れた低温調理の鶏チャーシューがとても柔らかく、オリーブオイルの香りを全面に引き出しています。普通の豚チャーシューよりも低カロリーで体に優しく、いろんな年代の方に愛されるでしょう。
        "
"
ミシュランで評価された行列ができる人気の行列ができるラーメン店(*ˊ˘ˋ*)｡♪:*°さっぱりラーメンがお好きな方におすすめ♫•*¨*•.¸¸♪✧
",3.2,"
        ミシュランに評価されたラーメン屋さん！さっぱり上品な味わいの行列ができる人気店(*ˊ˘ˋ*)｡♪:*°
      "
"
ケチのつけどころがありません。
",3.8,"
          讃岐のキン肉マンの金曜日。本日は１泊２日の東京出張(１日目)。東京のレベルの高いラーメンを食べに行ける数少ないチャンスです。銀座に程近いのホテルに宿泊したので、この近辺のラーメン百名店を探します。最初に目指したラーメン店は開店わずか１時間でスープがなくなったらしく、順番待ちの行列にすら並べませんでした。仕方がないので、次なる百名店を探して慣れない大都会をさまよい歩きました。● むぎとオリーブ 銀座本店(中央区銀座6-12-12 銀座ステラビル1F)ミシュランガイドのビブグルマンにも選ばれた有名店です。もちろん「ラーメン百名店 TOKYO 2019」にランクイン。定番おすすめメニューの「鶏SOBA(950円)」にチャレンジすることにしました。◼️スープ醤油ベースの鶏ガラスープ。旨みが凝縮していて濃厚です。雑味もなく、最後まで飲み干してもさっぱり感あり(旨)◼️麺中細ストレート麺(加水率低め)。麺の風味も楽しめて、スープともよく絡みます。私が好きなタイプです(旨)◼️チャーシュー鶏チャーシューと豚チャーシュー。鶏は肉厚なのに柔らかくてジューシー。豚も旨みが閉じ込められていて大満足(旨)◼️その他の具材オシャレなナルト、ホクホクの長芋、ネギ、三つ葉、海苔、削り節など。ラーメンを邪魔するものは何ひとつない(旨)とっても美味しくいただけました。さすがミシュランガイドに掲載され、東京の百名店にも入るラーメン店です。ケチのつけどころがありません。
        "
"
情景
",3.7,"
          コンクリート打ちっぱなしのむき出しの壁木製の看板と扉かわいい文字でむぎとオリーブカフェと間違ってしまいそうな店舗デザインでもラーメンのお店「むぎとオリーブ」さんです。お店を探しながら歩いて一度は気付かずスルーしてしまったほどおしゃれな外装で店内も同様におしゃれな感じです。店内の券売機やその上のメニューを見ればラーメン屋さんであることを認識できます。メニューベースは鶏SOBA蛤SOBA鶏・蛤・煮干しのトリプルSOBAでまぜSOBAつけSOBAもあります。注文は特製鶏・蛤・煮干しのトリプルSOBAにしました。スープは鶏は鳥取県の大山鶏蛤は三重県の桑名産煮干しは不明醤油もこだわり香川県などのブレンド醤油。三位一体の味わいのこのスープは鶏の出汁ベースに蛤の旨味が抽出され煮干しが風味や旨味を補い下支えしています。醤油の芳醸な香りと味わいが更に加わり美味しいスープになっています。レンゲでスープをすくうと刻んだネギがたっぷり入ってくるのでそのネギの香りが加わると更に美味しいです。麺は京都の麺屋ていがく製でこちらのオリジナル麺で中細のストレート麺です。ややかための茹で加減が噛めば噛むほど小麦の美味しさを感じられスープに良くあった麺だと思いました。具材は豚肩ロースチャーシュー鶏胸肉の低温調理殻付き蛤味玉オリーブオイルでソテーした山芋ネギとたっぷりめの三つ葉海苔棒切りにして結んだなるとです。彩り良く盛り付けられ豪華な一杯です。具材がたっぷりなのでいろいろな組み合わせを楽しめて面白いです。蛤用の殻入れも置いてあり親切です。中盤以降にカウンターにあるエシャロットオリーブオイルをたらして食べてみました。ラーメンにオリーブオイルは初めてです。まるみが出て軽いオイルの香り、風味が加わりこれもまた美味しいものです。潮風海の近くの土地漁港オリーブ畑食べながらそんなことが連想されるお店でした。
"
"
オリーブオイルを使ったヘルシーラーメン✨蛤の魚介スープと小麦香る麺が印象的♪
",3.6,"
          ★食べログ ラーメン 百名店 2017-2019 選出店★ミシュランガイドのビブグルマンにも選ばれています銀座6丁目にある『むぎとオリーブ』さんへ行ってきました♪何度が伺うチャンスはありましたが人気で並んでいたので、今日はタイミング良くすぐに入れました(*‘∀‘)店名もユニークで可愛いですが、店構えも、ラーメン屋というよりカフェのような、こじんまりとした可愛らしい外観で、女性一人でも入りやすいお店です。食券を購入し、カウンターに座ります。カウンターのみ。お隣との間隔はやや狭め。席の後ろにコートが掛けられます。オリーブオイルを使ったヘルシー感覚のラーメンということもあり、女性客が圧倒的に多い気がします。★基本メニューです・鶏ガラスープの「鶏SOBA」・蛤ダシの「蛤SOBA」・鶏、蛤、煮干しの「トリプルSOBA」その他、つけＳＯＢＡとまぜＳＯＢＡがあります。✦ビール中瓶（600円）　まずはビールでのどを潤しラーメンを待つ。✦蛤ＳＯＢＡ（1,000円）　私は１番人気の蛤ＳＯＢＡにしました！　三重県桑名から直送した蛤100％の魚介出汁に、　大山鶏の鶏油のコクが加わり旨味を引きたてたスープ。　机上のオリーブオイルを加えると、　風味が口いっぱいに広がり美味さが増します。　オーナーはフレンチ出身ということもあり、　具にも独自のこだわりが感じられます。　しっとり低温調理されたチャーシューが２枚、　オリーブオイルで素揚げした、　ナルトや長芋のトッピングも合いますね！　三つ葉もアクセント。　印象的なのは中太ストレート麺の食感と小麦の香り。　京都の老舗製麺所「麺屋ていがく」と共同開発によるオリジナル麺だそうで、　コシがあって食感も面白い。　スープによく絡み、食べ応えある麺ですね。✦特製 鶏ＳＯＢＡ（1,250円）　お連れ様はこちらを。　シェアしてこちらもいただきました。　大山鶏ガラと丸鶏を使った黄金スープが奥深い味わい。　醤油ベースでコクがありすっきりしたスープで、　蛤の魚介とまた違い、こちらも美味しい。オリーブオイルを使ったこだわりのラーメンは、ここでしか味わえない独特で上品な味わいでした。ラー油でなくオリーブオイルを使っているので、ヘルシーでさっぱりいただけるラーメンではないでしょうか。機会があれば「トリプルSOBA」にもチャレンジしたいな。鶏・蛤・煮干が合わさった最強出汁を是非味わってみたい( *´艸｀)ご馳走様でした。
        "
"
鶏、煮干し、蛤のスープ。
",3.6,"
          食べログ点数　@3.77銀座にあるラーメン屋でございます。以前から行きたかったこちらのお店。銀座に来る用事がありましたので昼食に伺いました。少し遅めの時間だったこともありますが遠目に見ても全く並んでおらず、営業しているのか不安になりましたが、店前まで来ますと店内には何人か待たれておりまして店外の先頭で少し待つことに。少し待ちまして店内に入りますと、銀座という場所柄なのか外国人観光客が殆どで、スーツケースもあちこちにあるという状況でした。そこから5分ほどで席に案内され、さらに5分ほどでラーメンを持ってきていただけました。待った時間は合計で15分ほどでしょうか。私が頼んだのは鶏、煮干し、蛤のトリプルスープのラーメンで、見た目的には今までにないラーメンでした。スープは醤油の奥に貝の出汁が効いているといった味で、こちらも新鮮な新しいスープです。麺は細ストレート麺で、醤油の味との相性はいいです。新しいことに挑戦されるラーメン屋は楽しいですね。
        "
"
むぎとオリーブ@銀座
",3.5,"
          食べログ 「百名店 ラーメンTOKYO 2019」のがまだ行ったことがない店を食べ尽くせ‼️行ける範囲で」企画※何故かと言うと、個人差はあると思いますが、最初の店から未だにハズレがないから!(^O^)y今回は銀座。五丁目の交差点から直ぐの所にみせはあります。前に一度来ているのですが、写真がどうも見つからなくて再訪です。到着したのは14:30で外待ち2番目とまーまーの待人数かな頂いたのは鶏 煮干 蛤のトリプルSOBA 1000円➕味玉150円スープは口に入れた瞬間は蛤のコクと旨が広がり、醤油の芳醇な旨味合わさり、そこに鶏と煮干は絶妙な配合で前にで過ぎす後ろに下がり過ぎないちょうどいい塩梅で三位一体となっています。(♥´¬`♥)ｼﾞｭﾙﾘ…かえしの塩味もにはちょうどいい。麺は低加水の細ストレートでポキポキした食感で噛む度に小麦の香りが鼻に抜け、香りこそ違うが日本蕎麦を食べてるかと思うほど喉越しが最高に( *´︶`*)トッピングは鶏ムネが3～4枚、小さ目な蛤がゴロゴロと入っています、ちゃんと殻入れか各席に置いてあるのでらーめんが食べずらいことはありません。山芋のスティク上のソテーしたもの、珍しくはあるが、有っても無くてもて感じ(o´艸`)あとナルトなのかなーこの結んであるのはプラスした味玉は割った瞬間黄身がが溢れ出てくる位の半熟で、かなり黄色が強い印象で味は濃厚意外に具沢山でお腹いっぱいになりました。
"
"
シェフはフレンチ出身のラーメン屋
",3.5,"
          東京メトロ都営浅草線東銀座A1出口徒歩約5分。食べログ百名店2019・2018・2017選出店の「むぎとオリーブ銀座店」さんに伺いました。銀座シックスの裏通り沿いにある、コンクリートむき出しの白壁に木製の看板。ラーメン屋さんと思えない様な、かわいらしく、お洒落なお店です。いつも行列があり、カフェの様な店内で、L字カウンター15席です。券売機で特製鶏SOBAの食券を購入して、カウンターに座りました。運ばれてきた、鶏SOBAの麺は、京都の老舗「麵屋棣鄂（ていがく）」と共同開発したオリジナル麵で中太ストレート。コシがあり美味しいです。カエシの醤油は、埼玉、群馬、香川の老舗のオリジナルブレンドを使用し、スープに深い旨味とコクを作り出したものです。大量の鳥取県大山鶏のガラと丸鶏でとったスープに、鶏の挽肉を入れて煮込んだ澄んだスープです。一口飲むと、鶏ガラと醤油の旨味がありました。トッピングは、低温調理された、鶏チャーシュー（肉厚で柔らかくジュシー）、オリーブオイルで、素揚げされた長芋、結んだナルト、三つ葉、海苔、刻みネギ、国産豚チャーシュー（柔らかく旨味がある）、味玉です。これらは、麺と共にスープに良く絡んでいました。このお店の、お勧めの食べ方は、スープ表面の大山鶏の鶏油を全体にまぜてから食べるという食べ方です。又、机上の香味油、エシャロットオリーブオイルを加えて食べると、オリーブオイルの風味が口いっぱいに広がり、美味しくいただきました。ご馳走様でした。
"
"
まぜSOBA! お日さま色の卵黄が麺と具材をやさしく包み込む〜
",4.0,"
          今日注文してみたのは「濃厚卵のまぜSOBA」（900円）！運ばれてきたら、その美しさににんまり。つやつやと輝くオレンジ色の卵黄を中心に、豚＆鶏チャーシューのピンクのグラデーション、揚げ長芋の白、海苔の黒、刻みネギと三つ葉の緑が取り囲み、そして結びナルトが全体デザインを引き締めています。は〜崩すのもったいな〜い。でもよ〜く混ぜ混ぜ。コシのある太麺に、醤油ダレとオリーブオイル、濃厚な卵黄がからみ、しみじみ旨みが口の中に広がって、かつまったくくどさがありません。ネギや三つ葉の風味がよいアクセント。低温調理という豚＆鶏のチャーシューは、どちらもレア感が残りつつ、やわらかくて美味し〜い。それに長芋の素揚げ、ほくほくして大好き！この状態でも幸せだからそのまま食べ続けていたいんだけど、半分くらい過ぎたところで、トッピングを試してみることにしました。まずはタバスコを数滴。うん、ピリ辛も合うわ〜、間違いない！そして粉チーズをひらりひらり。きゃ〜、これはたまらん、もっとのせちゃおう！たいへん美味しく完食いたしました。他にお酢とタレもついてきていたので、工夫次第でもっといろんな味にアレンジできるはず。いや〜、スープも最高だけど、混ぜも捨てがたいな、というのが結論です。
        "
"
小麦粉の風味と出汁の旨味をクリアに感じる洗練された醤油ラーメン。
",3.5,"
          本日は午前に来客との打ち合わせを終え、午後からの出張前にこちらの店を初訪問。随分前に某レビュアーさんにお勧め頂いたのですが、年を跨いで漸く訪れる事が出来ました。食べログには11時30分からの営業と記されていましたが、11時15分頃に到着すると何故か既に営業していました（笑）先ず食券機で「特製鶏・煮干し・蛤トリプルSOBA」の食券を購入し、奥のカウンターに着いて店員さんに食券を渡すと、待つ事僅か3分ほどでラーメンが到着です。醤油スープの上にはネギの微塵切りと香味油が浮いていて、麺を覆い隠す様にチャーシュー、味玉、結び目を入れた細ナルト、山芋の素揚げ、三ツ葉、殻付き蛤が乗っています。先ずはスープを飲んでみると、醤油の穏やかな風味を背景にして、出汁の各々の旨味がクッキリと舌の上に浮かび上がります。三者の中では蛤の風味が僅かに突出していましたが、鶏や煮干しの存在も分かり易く感じられて、調和と言うよりも寧ろ各々の旨味が独立している様な味わいです。ただ、煮干しや蛤と言ったクセの強い食材を使っているにも関わらず雑味はさほど感じられず、お互いの旨味を引き立て合うべく実にバランス良く共存しています。因みに、オリーブオイルの風味を仄かに感じますが、恐らく山芋やナルトがオリーブオイルで素揚げされていて、その風味がスープに染み出している為だと思われます。次に麺を食べてみると、低加水率のストレート中細麺が硬めに茹でられていて、噛み締めるとザクザクとした歯応えと共に、小麦粉の濃密な風味が口の中に広がります。硬めに茹でた割にはスープの絡みは決して悪くなく、時間の経過と共に麺がスープを吸い込むに従って、麺を啜り込む度にスープから蛤の香りが勢い良く立ち昇ります。次にチャーシューを食べてみると、低温調理で仕上げた豚肩ロースと鶏胸肉がほど良い厚さにスライスされています。軽めに下味された豚肩ロースにはしっかりとレア感が残されていて、噛み締めると赤身の濃密な旨味と共に脂身のコクのある甘味が口の中にジワリと滲み出します。一方、鶏胸肉は火の通し過ぎによりレアを通り越して完全にパサついていて、噛み締めても肉汁が殆ど滲み出ず、鶏胸肉の淡白な味わいがさほど舌に伝わりません。その他の具材で特に印象を受けたのはやはり結び目を入れた細ナルトですが、予めソテーしてある為にほど良く油を吸っていて、見た目よりも食べ応えのある味わいです。因みに、短冊状に切られた長芋の素揚げはラーメンの具材としては珍しいですが、味わい自体はさほど印象に残りませんでした（汗）食べ終えた感想ですが、麺の風味を存分に味わえて、尚且つスープの旨味のバランスも良く、美味しいラーメンだったと思います。ただ、これと言った不満は無いものの、殊更絶賛する所も見当たらないと言うのが率直な感想です。次に訪れる機会があれば、食券機を見てとても気になってた「濃厚卵のまぜSOBA」を是非試してみたいと思います。ご馳走さまでした。
        "
"
ラーメン屋で初めて◯◯されたお店
",2.5,"
          18:20頃訪問ん！？外待ちなし！！これはラッキー！！他の人のレビューとかでは大行列らしかったのでさすが祝日ですわ！！で、頼んだのは鶏・煮干・蛤トリプルSOBA(1000円)で、食券渡して速攻トイレへ寒かったのでね…数分後戻ると…ラーメンが既に着丼…え…なにこれしかも戻っても何も言わねーのかよ対面カウンターだよなうげ何この店数分トイレに篭っていたためほんの数秒前に置かれたのか、数分前に置かれたのかそれすらも不明マジで一気に気持ちが悪くなりましてイライララーメン屋は1000軒近く回ってるがこんな事は初めてまぁ速攻トイレ行く機会もそうそうないから今までされなかったのかもしれないが一応ここ100名店ですよね？あまりの対応に凄いガッカリで、ラーメンはというと麺はまぁまぁ弾力ありパツパツ麺で良いしかしスープ…ん？醤油ねぇトリプル？どこいった？よーく呑みまくって吟味してみる探したしかし貝殻を外してそのままラーメンに入ってる蛤の出汁しか感じなかった。申し訳ないがトリプルSOBAで三位一体とか三つの味をよく感じるとかコメント書いてる人いたら…凄い味覚の持ち主なんすね(^ ^)と思うわ自分はまーったく感じなかったですよ！ホントに！なーんか厨房スタッフも外人バイトかき集めって感じだし店でたら外人(アジア圏)がごそって団体で入っていったし…恐らくどっかの海外の雑誌とかで載ったんだろといった雰囲気ガチでガッカリすね申し訳ないが再訪は絶対にないし他人にもオススメはしないお店ですね。
        "
"
特製 鶏・煮干・蛤トリプルSOBA
",3.2,"
          銀座の【むぎとオリーブ】さんの銀座店に伺いました。お店の場所は銀座六丁目の銀座三原通り。銀座四丁目の交差点から歩いて4～5分ぐらいです。今回初めての訪問。土曜日の11時25分にお店に到着。店内満席、店頭で待っているお客さんが8人。店内の店員さんの支持に従い、並んでいる順番に店内の券売機で食券を購入。食券を店員さんに手渡し、再び外に出て並びます。◆注文　特製 鶏・煮干・蛤トリプルSOBA(1,300円)食券購入後7分ぐらいで店内に案内されました。席に座って30秒かからないぐらいで着丼。作り置きされているのではないかと思うぐらいの素早い提供。トッピングはチャーシュー、蛤、味玉、細くカットされ結んだ形になったナルト、、三つ葉、山芋、海苔、ネギ。トリプルSOBAは大山鶏、桑名産蛤、煮干しの3種類のダシをブレンドしたスープ。表面には大山鶏から抽出した鶏油が浮いています。スープはそれぞれの旨味がバランス良く融合。醤油ダレはまろやかな味わいでとても美味しいです。しかし、残念ながらとてもぬるいスープ。お客さんの回転を良くするために、お客さんが入店するタイミングを予想して予め作っていたようで、残念な温度のスープでした。麺は京都の老舗製麺所「麵屋ていがく」さんと共同開発されたオリジナルの麺とのこと。小麦の旨味と香りを感じることができる美味しい麺。しかし、麺もすでに柔らかい状態。とても残念。チャーシューは低温調理された鶏チャーシューと豚のチャーシューが2種類。どちらもとても美味しいチャーシューでした。蛤はとても小さく、味は特筆すべきものはありませんでした。桑名産の蛤ということを考えると、この価格設定ではこの大きさでこの味かなという感じでした。山芋は食感と舌触りが良いアクセントになっていて、とても良いトッピングだと思いました。こだわった食材でこだわった調理が施され、完成度が高いスープと麺だと思いました。出来立てであればとても美味しいラーメンだと思います。しかし今回は冷めかけのラーメンということでとても残念な仕上がりでした。味は好みだったので、混み合っていない時間帯を狙って再訪し、丁寧に作られた出来立てのラーメンを頂きたいと思います。ごちそうさまでした。
"
"
■しょっぱくない⁈むしろ甘い:素材重視の醤油ラーメンの名店
",3.6,"
          【むぎとオリーブ】♦︎東銀座東銀座駅より徒歩5分‍♂️食べログ百名店に3年連続選出されている名店中の名店。ミシュランガイドのビブグルマンにも選ばれている。かなりの人気があるので、店の前では常に行列が出来ている。僕が訪問した日曜日の14時頃は比較的空いていた。30分くらいで着席できたのでおすすめ。店内は「銀座」をイメージできる落ち着いて風情がある。ラーメン屋さんらしく、接客は元気があってバランスが良い。むぎとオリーブのオーナーさんは「フレンチ」出身のためか、全体的にお洒落。【注文したメニュー】♦︎特製 鶏SOBA 1,250円♦︎卵かけご飯 300円人気メニューの「特製鶏SOBA」と日本一のこだわり卵を使用した卵かけご飯をチョイス。鶏SOBAは低温で調理されたと思われる焼豚が豪華に盛り付けされている。スープの表面には鶏油が浮いており、香りが良く出ている。スープの味は醤油なのに塩味が気にならない。甘さがある。醤油ラーメンは最初のインパクトがあるものが一般的。しかし鶏SOBAはじわじわと後から甘さが広がっていく。鶏油でマイルドさが付与されまろやかなスープ。麺はちょい硬めの細麺。良くスープと絡む。スープのベースは大山鶏のガラと丸鶏を使用している。鶏ガラの先に来るインパクトのある旨味と丸鶏の甘い肉肉しい感じが混ざり、厚みのあるラーメンとなっている。コクのある醤油ラーメンと言える一品。実はしょっぱい系の醤油ラーメンが好きではないので、あんまり食べない。そんな自分でも何度も食べたいと思えるラーメンだった。こだわりの素材を使ったラーメン。一度は食べて欲しいご馳走様でした。
"
"
銀座、ピブグルマンのラーメン「むぎとオリーブ」 | 二日酔い飯
",3.7,"
Blog:二日酔い飯　Instagram●むぎとオリーブ銀座にひっそりと立つラーメン店。ぱっと外観見ただけではラーメン店なのかも最初わかりませんでしたが、看板を見ると「むぎとオリーブ」。ここを目指して来たわけでは無いんですが、ミシュランのピブグルマンにも載ったという有名なラーメン屋さん！せっかくこんなところで出会ったからには寄らないわけには！というわけで、早速中を覗いてみると丁度いっぱいのよう。中からラーメン店の店員さんに見えない服装をしたお兄さんに食券を買って外に並ぶように促されます。席はカウンターしか見えませんでしたが、コート掛けが後ろにズラーッとあって良い。●メニュー    鶏SOBA　950円    特製　鶏SOBA　1250円    蛤SOBA　1000円    特製　蛤SOBA　1300円    鶏・煮干・蛤　トリプルSOBA　1000円オーソドックスな鶏SOBAに、蛤SOBA、トリプルスープのトリプルSOBAでかなり悩みましたが、最初の訪問なのでオーソドックスな。貝出汁ってとってもおいしそうなので、今回は”蛤SOBA”に決定。●蛤SOBA注文後、暫く待つ間にカウンターにおいてある注意書きを読みます。まずは説明から。三重の桑名から毎日蛤を直送してそれをダシに使用しているとのこと。これは美味しそう。麺はオリジナル麺で、京都の老舗製麺所と共同開発だそう。全体的な相性、太さ、食感にこだわっているそうです。そして、鶏チャーシューはフレンチの技法を取り入れた低温調理だそうで一品野菜を加えて体にも優しく作っているんだというこだわりがしっかり書いてあります。そして食べ方にも注目。鶏油が表面に浮いているので、スープでしっかり油とスープをバランス良くとって食べると美味しいとのこと。あー早く食べたい！そんなこんなで、ラーメン登場。透き通ったスープの上に、先ほど読んだ低温調理の鶏チャーシューと三つ葉などの野菜、じゃがいもかな？スティック状のものと蛤がごろんと。一番上で結ばれているかまぼこ？のピンクがいい差し色担っていて見た目にもとっても美しいラーメン。うーん。たしかに女子ウケがとっても良さそうなラーメンです。スープを一口。うまく鶏油と混ぜながら頂きます。う、ま、い！蛤の出汁が最高にきいていてとってもうまいスープ。滋味深いとは言ったものです。さっぱりとしたスープにガツンと濃い貝出汁がとってもおいしい。鶏油とスープをうまい具合に混ぜ合わせて飲んでみるとたしかに味わい深くなります。麺にスープと鶏油を絡めると絶品です。こだわり配合の麺は細めなのにしっかりとコシがあって、麺自体もしっかり美味しい。二日酔いのときに食べたらすぐに復活しそうなラーメンでした。こっちは定番の鶏SOBA。こちらも美味しそうでした。スープを一口頂きましたが、蛤SOBAとは全然違う印象の、優しい鶏の旨味が強いスープでした。●ごちそうさまでしたたまたま通りかかっただけでしたが、ここで食べたのは英断だったかもしれません。しっかりと丁寧に作ったスープと麺、野菜がトッピングされていて健康面にもちょっとした気遣いができているさっぱりラーメン。普段はガッツリこってりばっかりなので、たまにこういう美味しいさっぱりラーメンでデトックスというのも良いかもしれませんね。
        "
"
オリーブの店名に惹かれて
",3.5,"
          この日は、前乗り一泊後早めに終わり、銀座経由で帰途。銀座で遅めのごはん。それほど高価なモノは行けません。銀座という聖地は間違いだったか？^^;検索する時間も無く、疲れてウロウロ(笑)気がつけばアイドルタイム(°_°)まさかのランチ難民になりそうか？と、ウロウロ。ラーメン屋さんが多い〜！銀座でラーメン屋さんは、イメージできずに異次元の世界。現時点で検索すると、行きたいお店は準備中。ん？オリーブ？の、ラーメン？興味津々でこちらへ。カフェのような店構え。おもしろい^ - ^だからか？女性が多い。外国人の方も多いょ。いわゆるアジア系ではない方々。店員さんも外国人。東京っぽいなぁ。よくわからないので、苦手な魚介系はやめてオーダーは、◆鶏SOBA 950円増税後？だから値上がりしてますね。鶏系出汁のラーメンは、あまり好んでいただきませんが、異国(笑)でのお味はいかに⁉︎スープをひとくち。鶏ダシの透き通ったスープ。よくお出汁がでています。注意書きに、レンゲでスープを押しながら混ぜると、鶏脂が混ざって美味しいとの事。んーー、確かに鶏脂がいいお味を出してます。鶏チャーシューの上には鰹節低温調理？のチャーシューやまいもスティックネギ海苔ミツバオブジェ風に、蒲鉾？が結んであるあっさりのコクが、今まで食した事の無いお味。美味しかった！新感覚ラーメンですな^ ^具材のチョイスにカルチャーショック^ ^枠を外して、なんでもオッケーですね。枠を外すモノの考え方は大事。を学ぶ(笑)ごちそうさまでした^ ^
        "
"
銀座で行列の出来るラーメン
",3.6,"
          この日伺いましたのは、銀座で人気の「むぎとオリーブ」さんです。お店へは、JR新橋駅からですと徒歩で10分程の場所。銀座のメイン通りを横断した東銀座にお店が御座います。伺った日は平日の夜で、新橋で2軒目を引っ掛けた後の〆にて伺いました。時間は8時半頃でしたが、幸いにも行列は無いものの満席で店内待ちが2名居り、入り口の券売機で食券を購入して店員さんに手渡すと、外でお待ち下さいとの指示にに従い寒空の中を待ちました。其処からカウンターに座り提供迄は、７分と割とすんなり提供です。この日御願いしたのは、鳥・煮干・蛤のトリプルそばです。伺う迄は「鳥そば」にしようと決めてたのですが、券売機の前にいざ立つとトリプルの名に思わずポチってました。笑ビジュアルは低温鳥チャーシューが半分を占め、加えて、何とラーメンの具材としては珍しい蛤が殻付きで鎮座！スープは見た目中々のブラックカラーです。トリプルスープを啜りますと、美味しいのですがやや温いのが気になりましたが、味は三味のバランスがよく中々ではないかと思います。麺は拘り渾身と言うだけ有り、細麺ストレートなもちもち食感で、このスープにはとても合う設えです！鳥チャーシューはパサつき感無しのシットリ仕上がりですが、味そのもののインパクトは然程無かったですかね。とは言え呑んだ〆にこのレベルのラーメンが頂けるとは、矢張り江戸の町は凄いですねぇ。御馳走様でした。☆3.78
"
"
丁寧なラーメン　海外観光客多め
",3.9,"
          むぎとオリーブ さん『食事前』おやつの時間なのに遠くからみてもわかる人だかりが。1年越しのリベンジ、むぎとオリーブだ。並んでいる人も後から来る人も中に座っている人も外国人観光客っぽい人が多く感じる。店員にも2.3人外国人が。並んでいたら案内を受け、店内で食券を買ってからもう一度並び直す。スムーズな回転である。蛤SOBA(1000円)『食事中』一口目、ハマグリスープがつんと味覚を突く。真ん中には三つ葉が多く、苦手なので退ける。小皿が用意されており、貝殻をそこに入れてくれて言わんばかりの配慮。トッピングが独特。そして美味しい。メンマの代わりに芋？なのかあまり分からなかったが美味しい。真ん中の結んでるやつもなんか美味しい。鷄チャーシューはイマイチだった。ハマグリオンリーだったのか、期待しすぎたせいなのか後半に向けて少し飽きがでてきた。3種類混ぜたやつにしとけばと後悔。『食事後』店は決して広いわけでもないのに関わらず、店員の数もかなり。なのに店内はスムーズに回転しており、配慮もなされている。日本の文化や配慮に触れるラーメン店という点でも海外の人に人気なのかもしれない。
        "
"
蛤の風味たっぷり
",3.4,"
          銀座から徒歩５分くらい　ちょうどGINZA SIX の裏手あたりにお店があります。(金)14:00前くらいでしたが6名ほど並んでいたので場所はすぐにわかりました！！15分くらいで入店できました！ラッキーです。行列ができていたのですぐにわかりましたが、外観はラーメン屋さんというより可愛いカフェのような外観なので行列がないときにはお店の見落としに注意ですよ～外人さんも多かったです。こちらは蛤を使用したラーメン！！『蛤SOBA』1000円を注文しました。お値段、ラーメン一杯で1000円はやはり高めと感じてしまいますが。。。蛤を使っていて蛤の原価が高いからなのか、はたまた銀座価格なのか。。そんなことを思いながら席につくと先に食券を渡していたのですぐにラーメンはきました！！見た目はとてもおしゃれな感じです。鶏チャーシューにかまぼこ、メンマではなく短冊型にカットされた山芋、蛤が6～7個、三つ葉がのっています。鶏チャーシューはやわらかく、とてもあっさりしていて美味しかったです。ラーメン屋さんでは珍しい山芋短冊カットはシャキッとしていて歯ごたえよかったです。メンマ好きなのでメンマが入っていないのは残念でしたが。。麺はストレート細麺。量も結構入ってました！食べた蛤の貝を置く小さな貝皿を出してくれましたがまだ蛤あるのに途中で貝皿を持っていかれてしまい。。一瞬、とりかえてくれるのか？？と思いましたが違いました。。。途中で貝皿はさげず、食べ終わったら丼と一緒にさげてほしいかなぁ。。と思ってしまいました。スープは蛤の出汁たっぷりで美味しいのですが、期待していたよりかは味が薄かったかなぁ。。ともっと蛤感を感じるかな、と思っていたので。店内はおしゃれで女性一人でも気軽に入れるお店です。ラーメンというより、おしゃれなイタリアン蛤そばを食べた、みたいな感覚でした。
"
"
銀座、むぎとオリーブ
",3.8,"
          銀座でぽっかり時間があいたんだけど、まだ11時過ぎだなぁ、と思ってなんとなく前を通ってみたらすでに営業を開始していた「むぎとオリーブ」。公式には11時半からの営業。店内のお客さんはまだ4〜5名ぐらいだったので迷わず入店。入ってすぐの券売機で食券を購入するシステム。鶏SOBAにすべきか、蛤SOBAにすべきか、、、迷っていたら「鶏・煮干・蛤のトリプルSOBA」というのがあったのでそれを。お値段は1,000円。他にはまぜそばやつけ麺なども。お店は奥に向かってカウンターがL字型になっており、席数は15ほど。足元にかばんが置きやすい構造になっている。店員さんの誘導で奥の席に座るとお水に紙おしぼりにガラ入れ。カウンターに置かれた説明書を読みながら待っていると、トリプルSOBA登場。小さい目の蛤と鶏チャーシューに海苔、長芋、そして三つ葉が乗る。麺は中細のストレート麺。鶏油が若干浮いているが、程よい量だ。スープは醤油ベースではあるが、煮干の旨味がよく出ている。鶏ガラよりも煮干の強さを感じた。事前用意されていたガラ入れははまぐり用。三つ葉が良いアクセントを出している。なかなかレベルの高い一杯。本当は途中でエシャロットオリーブオイルをかけて味変を楽しみたかったのだが、気づいたら食べきってしまっていた。ランチタイムには行列が必至のお店だが、やっぱりレベルが高いからなのかな。回転も早いので、そんなに待たずに食べられると思います。ぜひ。
        "
"
東京的なハマグリしょうゆラーメン
",3.2,"
          ○蛤ラーメン+味玉 1000+150円一言でいうと、スッキリとしたはまぐりラーメンですね。貝の風味はするけどくせのない貝、黒さははっきり黒いが強引に主張したりしない醤油、お出汁と貝の味を戦わせてぶつけた高みを目指す関西のやり方とは違う、まさに東京風味だなぁ。まぁ、これはこれでおいしいですね。素材ごとの印象は以下蛤　小ぶりで数多め、貝臭さなくスープにもエグさを出さない感じ。海苔　いい香り　煮たまご　具合よく半熟。味の滲みもいいかんじ。味玉は東京のお店、上手ですよね。鳴門　名物の紐型のなると。おもしろい けど。鶏チャーシュー　脂身もほどよく、良い感じ。フライドポテト　これ意外と意表突かれてよかった。麺とイモって合うんよね意外と。スープ　前述の濃い色ながらすっきり、関東風。麺　　　細麺です。濃くない味付けでもよく吸って味が染みます。小ネギ　かるく嫌味を抑える程度にちりばめて青紫蘇　同上オリーブオイル　しょうゆのように置いてたのでかけたが、ハマグリそばだったからか、味変感はなかった。ごちそうさま
        "
"
蛤の香りと麦の香り！ファーストインパクトがすごい！
",4.5,"
          東京銀座にあるラーメン屋さんです。GINZA SIXの裏手あたりにあります。金曜日の仕事を終えて、名古屋から新幹線に飛び乗り、なんとか営業時間内に間に合いました。ミシュランのビブグルマンにも選ばれている実績のあるお店です。21時過ぎくらいでしたが、並んでいました…ただ、タイミングが良かったのか回転が良く、30分も待ちませんでした。それにしてもお客さんの外国籍の方の割合がすごいです！ジャパニーズラーメンブームでしょうか。それともミシュラン効果でしょうか。すざまじい人気です。注文したのは特製蛤SOBA。鶏、煮干し、蛤を合わせたバージョンもありましたが、蛤好きとしては、王道の一本で味わってみたくなりました。運ばれてきた蛤SOBA…なんともお洒落なラーメンです。お店の雰囲気も含めお洒落なお店です。鶏と豚のチャーシューにゴロゴロと蛤が。さらに煮卵などがのります。まず、スープを口に入れます…なんだこれ！？蛤の香りがぶあーーっと口の中に広がります。ラーメンのスープでここまで味が口の中で広がり、さらに格別なのは記憶にありません。さらに麺。細麺ストレート。小麦の香りがしっかりと香り、こちらも味わい深いです。さすがは東京！さすがは銀座！さすがはミシュラン！蛤自体もしっかりと味わいます。殻入れが用意されているのもこのお店ならではですね。煮卵もトロトロでなかなかの高水準ですね。ただ、良くも悪くも風味が強すぎるせいか最後の方は飽きてきてしまいました。決して味が濃いわけではないのですが、強烈なファーストインパクトがハイライトのようです！
        "
"
鶏・煮干・蛤トリプルスープ！
",3.6,"
          ラーメン百名店巡り。朧月さんを終えてもう一軒寄ってみました！むぎとオリーブさん。美味しいとよく耳にはしていたんですが、まだ未訪問だったんですよね。店頭に着くとこちらも外に6〜7人の並び、倣って並びます。場所柄なのか外国の方が多いですね。並んでいる順番に食券を買うシステムのようです。自分の番が来て、入口右手の食券機に向かいます。鶏SOBA、蛤SOBA、煮干SOBAとスープは3種類あるようです。迷うなぁ〜と2段目のボタンを見ると、鶏・煮干・蛤トリプルSOBAなる良いとこ取りみたいなメニューがっ！ポチります笑店員さんに食券を渡して列に戻って…結局並び始めてから15分くらいで入店できました。そして5分程度で着丼。まず蛤の殻を取り外して殻入れに。そして突撃！スープからいただくと、三種類それぞれの味わいがなんか薄め…。鶏の味わい旨味は感じるんですが。煮干はえぐみだけ感じちゃいます。バカ舌としては、どれかに特化した方が良かったのかも笑蛤をいただくと、ジャリっと食感…テンション一気に下がる。気を取り直して麺に。麺、凄く美味しいっ！好きな感じです。トッピング、鶏チャーシューはう〜ん。パサついてる感じがイマイチ。ナルトは凄く美味しいっ！長芋を焼いたやつも良いですね。次回は蛤SOBAをいただきに伺いたいと思います。
        "
"
【銀座】和テイストが強い鶏SOBA、豚のレアチャーシューが美味
",3.4,"
          2019年11月平日16:50往訪。店内先客3名、空いています。券売機にて以下を購入。特製鶏SOBA(1250円)通常が950円なので、300円追加で特製になります。鶏チャーシュー1枚、豚チャーシュー1枚、味玉が追加。間もなく配膳、空いているので早いです。醤油スープは大山鶏の丸鶏とガラを煮込み、複数の醤油をブレンドした正統派醤油らぁめん。色の通り醤油がやや強めで適度な酸味もあり。表面の鶏油によりコクが加わっています。麺は京都棣鄂(ていがく)の中細ストレート麺。加水率低めで、ボソボソと切れるが、好きな麺である。啜り心地と噛む食感が好み。チャーシューは鶏が3枚、豚が2枚。低温使用になっています。鶏はしっとり目なのですが、パサつきあり。。豚は火通し加減が最高で旨味が凄い。ローストビーフのような肉質で非常に美味しい。その他のトッピングは追加した味玉、結び目のナルト、素揚げした長芋、三つ葉、海苔。出汁やトッピングが和のものも多く、お吸い物のような和食を食べている感じもします。卓上のエシャレットで香り付けされたオリーブオイルを入れるとコクが増し、和から洋にややなります。全体的に以前からの印象なのですが、和が強すぎるのかスープがあまり好みでなく、評価が高いのでリトライしましたが、印象は変わらず。麺と豚チャーシューはとても美味しいのですが、ご馳走様。【往訪時】食べログスコア：3.78口コミ件数：923件
        "
"
さすがミシュランビブグルマン、完成度（と値段）の高い和風ラーメン
",4.0,"
蛤SOBA（1000円）銀座で晩飯。GINZASIXの裏、今や「ラーメンストリート」と呼んで差し支えない、インバウンドの行列が常に絶えないラーメン屋が密集した通りを通ると、おっ、じゃんがらと油そばには行列があるけど、「むぎオリ」には行列なし！むぎオリ、オープン時に話題になった時に行き損ね、実は未訪問だったんですよね。ではこのタイミングで入ってみますか。平日19:20到着。店内は６割ほどの入り。客席は逆L字型カウンターのみ。店内は最近のラ店っぽく、明るくウッディで清潔。貝系のスープが飲みたかったので、券売機で「蛤SOBA」をポチし着席。もともとそこそこ高めの価格設定のお店でしたが、増税でついにデフォルトが大台乗りましたか。。。食券を渡し５分ほどで着丼。ほぉ。。鶏油のいい香り！濃い色合いのムラサキなスープの上には厚めの鶏油層。その上には蛤、鶏チャー、三つ葉、山芋の素揚げ、紅白細ナルト、海苔。ではスープを一口。なるほど、ベースは丸鶏？そこに蛤の渋みがいい感じに効いていて、後味のギュッと引き締まる感覚がかなりうまい！生醤油っぽいタレの風味のよさもストレートに感じられ、鶏油の風味の豊かさもあって、まぁ手堅く最近流行りの味に落としてきたな、といった感じ。個人的にはここにしじみの風味が加わると最高かも？店名に「オリーブ」の文字がある通り、卓上にはオリーブオイルとエシャロットを使った香味油が。入れてみると華やかな香りになり雰囲気変わりますね。ただ元々鶏油が入ってるので、入れすぎるとオイリーに。麺はざっくりした食感の細ストレート。京都の麺屋棣鄂のものだそう。風味よく、スープの絡みもばっちり。麺量は150gくらいかな。チャーシューはややパサの低温調理鶏ムネ。ちと熱入れすぎですね。山芋の素揚げはサクッとしてて面白いですね。紅白の水引のようなナルトは日本っぽくてなかなかおしゃれな彩り。三つ葉はかなりたっぷり入っており、この和風スープの味わいと抜群に合います。蛤は、出汁は好きだけど身は苦手なので相方の丼に留学。海苔は香りよいもの。ということで、サクッといただきごちそうさま。目新しさこそないけど、和風ラーメンとしてセンス良い、今っぽい落とし所に落とした完成度の高い一杯でしたね。さすがビブグルマン選出店。これならインバウンドにも自信を持っておすすめできますな。ちと高いけど。次回は油そばにしてみよう。--
"
"
銀座の名店、和風出汁ラーメン＠むぎとオリーブ 銀座店
",3.6,"
          本日は土曜出勤で都内へ。昼過ぎごろに仕事が終わったため、普段行列されているむぎとオリーブさんへお伺いさせていただきました。ミシュランで星を獲得され、観光客にも人気のお店。口コミを拝見して以来ずっと気になっていました。銀座SIXの裏手側、15時半ごろに到着。土曜とは言えお昼時を外したにも関わらず外待ちが20名ほど。物凄い人気ですね。並んでいると食券を買うように案内され、券売機にて下記購入。鶏や蛤も気になりましたが、トリプルスープを選択。・特製 鶏・煮干・蛤 トリプルSOBA(1300円)・ドライカレー飯(250円)約30分ほどで店内へ。客席はカウンターのみ15席。卓上調味料は粗挽き胡椒とオリーブオイル。着席から2分ほどで着丼。豪華な具材に食欲をそそります。スープは3つの出汁のミックスですが、一口目で貝の旨味がまず広がります。鶏と煮干しはやや控えめなのか、魚介の風味が非常に強い。比較的あっさりしていて日本人に馴染みの深い和風出汁。カエシの醤油も芳醇ですっきりした味わい。麺は細麺ながらコシのしっかりしたストレート麺。歯応えがあって和風スープにマッチしています。チャーシューは鶏胸肉とレアロースの2種。どちらも柔らかく、特にロース肉がおいしかった。たくさん入った蛤もプリプリの食感。煮玉子もしっかりと味が染みています。細切りされた根菜は長芋かな？(ちょっとやわらかい食感だったので違うかも…)たくさんの三つ葉とネギが清涼感を与えてくれます。ドライカレーは家庭的な味わいですね。スパイスは効いていますが辛さは無く甘め。中心の赤いタレはタバスコ。量は一膳程度でちょうど良かった。和風出汁にオリーブオイルを合わせるという折衷な一杯はさすがでした。卓上にもオイルがあるので自分で調節できるのもありがたいですね。しかしながら、小生には少し物足りない印象。もう少しカエシが強い方が好みかな。次回はつけ麺もいただいてみたいと思います。味の好みは十人十色。ごちそうさまでした。
        "
"
外国人がたくさん
",3.5,"
          海外から帰ってきて、お鮨にするかラーメンにするか迷った末にこちらに来店しました。前々から気にはなっていたのだけれど、なかなかチャンスがなくて、初めての訪問です。並びにはじゃんがらもありますが、醤油味が恋しかったのと、こちらには何度か行っているので。営業時間が９時までだと思っていたから、慌てて夜の8時半過ぎに行ってみると数名が列を作っていました。大半が外国人旅行者のようです。食券を買ってるうちに列がながれてラッキーなことに、一人だったので先に入れました。両隣も外国人のカップル。食券を渡して席に着くと程なく出てきました。豚チャーシューと鷄の胸肉かな、のトッピング。鰹節が少しだけ載せられていて味わいの変化を楽しみながら頂きました。途中で胡椒、最後の方にオリーブオイルをたらしていただいてみましたが、味の急激な変化はなく、主張のはっきりしたラーメンです。小麦の香りも楽しめました。ただ、スープが少なく麺が絡んでいるのて、なかなか適量を摘むことができないのは難点かも知れません。さっと食べ終えてお店を出たら、入店時に僕が追い越したカップルがまだ待っていました。僕が早食いなのか、皆さんが遅いのか、その両方か。店員さんも外国の方がほとんどのようで、何やらアウェーな感じでしたが、満足して店を後にしました。ごちそうさまでした。
        "
"
初の混ぜそば、モチモチ麺と濃厚卵のマリアージュ。
",3.5,"
          むぎとオリーブ二回目の訪問は初のまぜそば！濃厚卵の特製まぜそば1,100円を注文。しっかり混ぜ混ぜ、最初はノンチーズノンタバスコ。歯ごたえのあるモチモチの中太麺と、超濃厚な卵とタレが絡み美味い！チャーシューがとにかくしっとり、うっとりする食感。スティック型のじゃがいも、こちらもポッキリ折れる良い食感。チーズ、タバスコ投入で一気にジャンキー。この辺りで水菜がオアシスになります。混ぜそばと普通のラーメンならラーメンの方が好き、でもとっても美味しかったです。
        "
"
優しいラーメン！
",3.8,"
          特製 蛤・鶏・煮干しのトリプルSOBA新橋の訪問がありまして、けどあまり時間も無く、何処にしようか迷った挙句、1人だし回転率の良さに懸けて、遂にこちらのお店に訪問。流石の新橋から銀座にかけては、平日と言えどおおいに賑わってます。そんな雑踏を速歩で向かいます。前方に当店らしき位置に数人の列を確認。5人程の待ちに連結。しかもカップル2組とお一人様。お一人様回転率に期待大です。並び途中に食券購入を促され、店入り口にて目当てのトリプルSOBAを購入。折角なので特製トッピング。早速前のお一人様がお一人様回転率の恩恵に。すかさず私も呼ばれます！カウンターの中ほどに案内されます。1人の身軽さを実感しながら待つこと3分ほど。着ました！鶏と海鮮系の香りが混ざり合って奥深い香りが立ち込めます。先ずはスープを一口いただきます。透明に透き通ったスープは、あっさりしているのにコクがあり、深い優しさに溢れています。鶏、蛤、煮干し、奥深い味わいにもかかわらず、後味はとてもスッキリしています。やや硬めに茹でられた細ストレート麺も、表面張力によってスープに良く絡みます。特製トッピングも最高です。鶏も豚も低温調理されたものでしょうか、どちらも滑らかな舌触りで、とてもジューシーです。最近は蛤出汁のラーメン増えてますが、ここの蛤は酒蒸し的な一品としても頂けます。味玉も表面もキレイですし、薄味ながらも中までしっかり味が染みていて、黄身もトロっと半熟で、細部までこだわりを感じます。このお店特有のトッピングの結び蒲鉾と三ツ葉も、全体を和としてまとめるのに良い働きをしています。あっと言う間に完食。スタッフの方の気遣いや、細部まで行き届いたこだわり、流石銀座に構える飲食店といった感じで、大満足の一杯でした。塩系も美味しそうなのでまた来たいと思います。ごちそうさまでした！
"
"
絶品！激旨トリプルスープ！追いオリーブオイルで感激の味変！
",4.4,"
          土曜日の11時10分頃訪問。11:30オープンの20分前くらいなら並びもまだ10人未満かなーと思って来てみると、あれ？行列がない？早過ぎた？と思いきや、なんと店を早開けしてるではないか！しかも店内はまだ5人くらい！20分並ぶ覚悟が即食べれるなんてラッキー！カウンターのみの縦長で、狭いけど雰囲気のある作り。厨房は役割分担がしっかりされていて、共同流れ作業で効率よくラーメンが出来上がる。オーダーは鶏・煮干・蛤のトリプルSOBA 1000円まずスープ一口。美味い！飲んだ瞬間の旨味のパンチが凄い！濃いわけじゃないのに、旨味がガツンとくる！三位一体の凄さ、蛤が特別強いわけでもなく、煮干、鶏が強いわけでもない、この3つ、それぞれがチームで主役！旨味ハンパないって！和とも洋ともとれる独特なスープ。ソバは全粒粉？加水少なめで小麦そのものを楽しむような中細ストレート麺。食感はわずかなざらつきのある感じだがスープとよく合う。ツレが蛤SOBAでスープを一口いただきました。こっちは蛤の主張が強いガッっと貝出汁スープ！これも美味いがトリプルの旨さの前には一歩及ばず。※トリプルが旨すぎる。チャーシュー代わりの鶏肉のローストは絶妙な火加減で柔らかくジューシー。味の主張は優しく、鶏そのものの味を楽しむ感じ。主張が優しい分、そのままでも良し、スープと一緒に味わうも良しです。◾︎追いオリーブオイル一通り食べたら、テーブル備え付けのオリーブオイルを入れます。これを入れてる人はそんなにいませんでしたが、、これは絶対やるべき！さらにさらに味が上がります！最初はレンゲにスープをすくい、少しオリーブオイルを垂らしてみます。味がマイルドになりつつも深みが増します。最終的にはスプーンすり切り5杯、丼に直接入れました！笑※たぶん入れ過ぎ？笑でも5杯入れても美味いんです！お好みでどうぞ！最後の一滴まで飲み干しました。【総評】ラーメン革命ですね。蔵前のラーメン改さんの貝出汁もとても美味しかったのですが、むぎとオリーブさんのトリプル蛤出汁の配合には頭が下がります。かなり研究された配合なんだろうと思います。絶品。食べ終わった後にまた食べたいくらい。笑【また来る度】4.5
        "
"
銀座のいつも行列のオリジナルラーメンのお店
",4.0,"
          2019.10.15　昼訪問銀座のginzasix裏にあるラーメン店です。いつも行列なんだけどこの日はなぜか誰も並んでなくて一席だけ空いててすぐに座れました。運がいいです。そのあとすぐに列できていました。店名の通りオリーブオイルを入れるところがとてもオリジナル。麺に使う麦にもこだわりがあります。備え付けのオリーブオイルをたっぷり入れていただきました。この日はおなかがすいていたのでミニカレーもいただきました。ミニカレーはキーマタイプです。これも悪くないですね。混んでいなければちょくちょく来たいお店なんですけどこの通りにあるラーメン店では最も混んでるお店なので時間をずらしていくしかないんです。
"
,3.4,"
          銀座のミシュラン掲載ラーメン店夜21:00以降行くといつも行列してます1回はスープ切れでクローズしてました2回来店して蛤そばラーメン好きの友人オススメの特製まぜそばをいただきました◆蛤そばせっかくなのでトリプルそばを頼もうとしましたが売り切れだったため蛤そばにしました！出汁感ありとても美味しかったです上のトッピングもきれい行列してる時たまたま話した方と隣の席になり何そばを頼んだのか聞いてみると鶏そばにしたそう。美味しいからもう3回同じの食べにきていると話してました。どれも美味しいんでしょうね☆◆特製まぜそばたまごが真ん中にのってますが割れてしまってて少し残念(味は変わりませんけどね♪)まぜそばを頼むと一人に一箱ココットいっぱいのかけ放題粉チーズと大きなタバスコ、タレのセットが付いてきます粉チーズは使い切るのかなという量です♪前半は熱々の麺とたまごを混ぜていただきます結構これだけで美味しい♪♪後半はチーズをかけてカルボナーラ風でいただきます！私はチーズ好きな方なのですが、4分目食べたあたりでチーズを大量投入すると満腹感がハンパなかった、、女子や小食の方はお気をつけください。それと2回行って思ったのは銀座のラーメン屋さんは海外のお客さんの多いことまぜそばのタレのセットを使おうとしていたら「すみませ〜ん」と声をかけられ海外の方に危うく持ち去られそうになりましたが店員さんが即座に英語で対応してくれて助かりましたありがとうございました。ごちそうさまでした♪
        "
"
これは空腹でなくても食えるかも？！
",3.5,"
          群雄割拠の銀座にあり、ミシュランビブグルマンにも選ばれた事がある人気のラーメン店です。入店は17:00くらいだったでしょうか。まだ混雑時間でなかった為か、すんなり席に座れました。ラーメン店としては、それなりに清潔感を保っている方だと思います。空腹度があまり高くなかったので、シンプルに鷄SOBAを。ココは、大山鶏ガラと丸鶏を大量に使ったキレのある黄金のダシに、埼玉、群馬、香川の老舗醤油をブレンドしたオリジナルスープが醍醐味です。そして来ました！まずスープを一口。色合いは濃いイメージですが、鶏のダシと醤油が効いたすっきりした深い味わいに仕上げられており、洗練されたスープでしょう。麺は比較的細めでスープとよく絡み、絶妙な歯応えで飽きを来させません。脂っこくない鶏チャーシューにふんわりと柔らかい豚チャーシュー。なるとは変わった形をしてました。女性一人でも、飲んだ後でも、ちょっと満腹でも美味しく頂けるラーメンだと思います。
"
"
結び目のあるナルト！
",3.4,"
          東銀座駅から徒歩3分ぐらい昼時を外せば結構空いているシンプルな鶏そばを選択しましたトッピングは豪華ローストビーフを思わせるチャーシューさらに鶏チャーシューそして、なんと長芋が載っているなぜ、長芋？？さらに、目の前にはナルトしかも結び目がある、手間暇かけている事の表れか創意工夫の塊なんでしょうスープを見ると、やや黒い富山のブラックラーメンをイメージしたが全く違うマイルドな口当たり、醤油よりもお吸い物ベースの様な印象旨味凝集スープという表現がしっくりくる麺はこのスープに合うように開発した麺との事相性は抜群です麺の小麦の風味がスープの風味をまっく邪魔しない食べやすい欲を言えば硬めが好みこのお店のカウンター上にオリーブオイルが置いてあります？？？でしたが、これを入れる事でラーメンはより完成形に近づくとかこのお店のラーメンのポテンシャルを味わずに食べきってしまったお値段、約1000円立地、味、加味してC/Pはなんとも言えない
"
"
むぎとオリーブさんでトリプルSOBA！《ほねつきかるべ》
",3.5,"
          《昼》銀座6丁目にある【むぎとオリーブ銀座店】さんに行きました！一度いってみたかったむぎとオリーブさんへ。蛤を使ったラーメンがいただけるという事で楽しみにしておりました！百名店2018、2015年〜2018年まではミシュランビブグルマン部門で紹介されたお店のようです。▶︎【鶏・煮干・蛤トリプルSOBA】1,000円お客さんはアジア系外国人の方が中心。15時過ぎの訪問だったので10分ほどで席に着く事ができました☆鶏・煮干し・蛤のトリプルスープ。チャーシューは鶏チャーシュー。メンマのかわりに素揚げの長芋がぷか。蛤は私の好きな不如帰同様に三重県桑名のものを使っているよう☆大山鶏や丸鶏の鶏系スープと蛤の組み合わせ。3つの素材は喧嘩する事なく上品にまとまっておりホッコリ☆  バランスがよい一杯で歯ごたえのある麺も印象的でした！今回銀座のお店にお邪魔させていただきましたが、さいたま副都心、コレド室町2、秋葉原にも系列店があるようです。■ブログhttps://ameblo.jp/yusuke-karube/entry-12519978641.html
"
"
特製トリプルsoba
",3.8,"
          銀座にある#むぎとオリーブ ✨有名店で気になってたので、行ってきました☺️☺️❤️❤️平日の19時くらいに行ったら、外に待ちができていて15分くらい並びました‍♀️先に食券は店内で買って、店員さんに渡すスタイルです私は、特製鶏・煮干・蛤soba鶏・煮干し・蛤の各スープを、ベストな割合でブレンドした醤油ベースのラーメン特製にすると、国産豚チャーシュー・国産鶏チャーシューが増しになるのと、煮卵がトッピングになります他に山芋やナルト、海苔、三つ葉もトッピングされてます‼️スープはちょうどいい上品な味わい☺️✨煮干し感は少なめで、蛤と鶏の味が強めに感じました麺は中細ストレート麺で、醤油ラーメンによく合うタイプ✨店内は外国の観光客の方がとても多かったです‼️‼️でもさすが2015年から3年連続でビブグルマン認定を受けてるだけある、美味しさでした-----------------------使用金額  1300円アクセス  銀座駅A5出口より徒歩5分食べログ  3.78なぎログ  3.80-----------------------#銀座カフェ #銀座ランチ #銀座ラーメン #銀座ディナー #丸の内カフェ #丸の内ランチ #東京ランチ #東京グルメ #東京カフェ #東京ラーメン #銀座シックス #銀座篝 #篝 #麺スタグラム #ラーメン女子 #ラーメン部大阪 #大阪ラーメン #大阪ランチ #大阪グルメ #大阪カフェ #東京観光 #東京旅行 #渋谷ランチ #池袋ランチ #日本橋カフェ #日本橋ランチ #日本橋グルメ #東京駅グルメ #ラーメンインスタグラム #ラーメンストリート 
        "
"
蛤ＳＯＢＡ＋麺大盛
",3.3,"
          東京メトロ「銀座」駅(A5出口)より、徒歩６分ほど。平日11:15頃到着。やや早めです。外待ちなし。内待ちはなし。券売機で「蛤ＳＯＢＡ（1,000）＋麺大盛（100）」を購入。場所柄とはいえ、1,000円超えはちょっとお高いかな。カウンター席を案内され、着席して待ちます。先客は数名ほど。コップに入った水とおしぼりが置いており、カウンター上のポットから、水のおかわりはセルフです。最近、貝出汁系に興味があり、百名店でもあるこちらに伺いました。着丼まで３分ほど。あまりに早いので、少しあせりました。見た目豪華な盛り付けです。早速スープを一口。蛤の出汁は軽めで、何か動物系のお出汁を感じました。出汁感のせいか、やや甘めで濃厚な。塩味はあまり感じませんでした。麺は細めのストレート。コシは普通で、ややもちもち、表面はツルツルしています。具材は、 鶏チャーシュー（４枚、しっかり味がついていて低温調理）。ハマグリ（５個、茹ですぎると固くなってしまうのですが、ちょうどよかったです）。山芋（細長いのが２本、揚げているのか、不思議な食感で柔らかくて他ではないもの、味はついてません）。なると（細長いのが１本、これも独特の形です）。三つ葉（少々、スッキリします）。海苔（１枚）。ねぎ（少々）。後半ちょっと飽きてきたので味変を。オリーブオイルを多めに、ブラックペッパーも一緒に投入します。スープを飲むと、まったく別物になってました。蛤の出汁感はなくなってますが、オリーブオイルのコクが洋風なスープに変化させて美味です。ちょっとびっくりしました。スープは勿論完飲しました。店を出ようとすると、軽く行列ができていました。ご馳走様でした。
        "
"
東銀座にある鶏・煮干・蛤が堪能できるトリプルラーメン＼(^o^)／
",3.8,"
          歌舞伎座がある東銀座から徒歩の場所にある蛤を100%使用した蛤SOBAと大山鶏をじっくりと黄金色に仕上げたスープに全国から何種類かの醤油をブレンドした鶏SOBAを売りしているラーメン屋さん。食べログラーメン百名店にも3年連続選ばれているほどの名店。私は18時30分くらい一人でお伺い(^_^)こちらは昼休みなしの通し営業でいつの時間でも行けるからなのかこの日は運よくすんなり入店。注文は券売機システム。私は蛤と鶏と煮干しが味わえる贅沢なラーメン ……………………特製の鶏・煮干・蛤トリプルSOBA(1,300円)を購入。※特製は国産豚チャーシューと低温鶏チャーシューが増しで更には味玉付き。店内はカウンターのみの15席。待つこと10分。特製の鶏・煮干・蛤トリプルSOBA　登場＼(^o^)／見た目 ……… 美しい黄金色スープ❗低温調理の鶏チャーシューがレアで柔らかそうで旨そう❗あと、結ばれた鳴門と白い棒が長芋で蛤、海苔、味玉、三つ葉と豪華❗味は ……… まぁ美味しい❗チャーシューも両方とも美味しい。長芋はしゃきしゃきで海苔も味玉も蛤もスープとうまくマッチし美味しい(^-^)麺は私の好きな中細ストレート麺でスープとよく絡み合った麺で美味しい。次回は違うのを食べます。ご馳走様でした。
        "
"
蛤・鶏・煮干のトリプルSOBAを食べた今となっては、鶏SOBAの方が気になる
",3.5,"
          まだ来たことがなかった百名店のこちらの店舗、仕事終わりで訪問した。『むぎとオリーブ』さんとしてはさいたま新都心店以来。“蛤・鶏・煮干のトリプルSOBA”（1000円）盛り付けのセンスも良くて、美味しそうなラーメン。女性ウケも良さそうだな。麺はパツっとした中細ストレート。エッジが立っている感じもあって、とても印象の良い麺ですね。スープはメニューに書いてある順ではなく、鶏、蛤、煮干の順番に味を感じた。煮干し感は控えめかな。でも、一体どれがスープの主役なのか、その辺がぼやけてしまった感は若干ある様に思う。そんなことを考えていたら鶏SOBAが気になってきたな（笑具材は種類も豊富。良かったのは鶏胸肉のスライス、これは低温調理かな？美味しい。それと、小さな本蛤が五つ。三ッ葉、葱はたっぷり。海苔は厚く、風味が強い。他には火を入れた結びナルトに長芋なんていう個性的なトッピング。後半に卓上の胡椒、エシャロットオリーブオイルを入れるとより一層好みの味になった。これなら早くから入れても良かったな（笑ちなみにここのお箸は竹の天削げ炭化箸、これも良いなぁ。帰り際に周りを見ればやはりと言うか、女性客が多かったことも納得のいく一杯でした。ごちそうさま。
        "
"
鶏醤油・蛤・煮干しのトリプルスープの個性
",4.0,"
          夏休み明けの出勤でいきなりストレスフルな日中を過ごし疲弊しながら、お盆シーズンなので電車が空いていることに着目し「せや！人気店に行きやすいんちゃうか？」とのことで、普段行列が出来そうな新橋の「纏」に向かうも、どうやら電気が消えていてやっていない様子。プランＢを用意しておらず、トボトボと銀座方面に歩きながらこの店に訪問することを決定。昔から銀座はラーメン不毛地帯で、遊んでから一杯食う店が見つからず苦労した経験があるので、住所の「1F」の文字を見て本当に銀座の路面にラーメン店があるのか？と半信半疑で角を曲がると""SOBA""の文字が。立派に営業されているようです。店内はＬ字型カウンターのみ、右手に食券機があってこの店の押しと思われたトリプルスープのラーメン「トリプルSOBA」を選択する。食券機を受け取りに店員さんが出て来てくれ、席を案内してくれる。待ちは無かったが、ほぼ満員。店員は5名ほどの体制で、皆ハンチング帽で統一されている。明るい雰囲気に女性の1人客も多い。…などと考えているとかなり早くラーメンが出て来た。手間のかかりそうな内容と見た目であっただけに提供スピードの速さに少々驚く。「はまぐり」が当店のキャラクターになっているようだが、このトリプルスープは、鶏出汁の醤油と、蛤、煮干しが同じくらいの主張でバランス良く出ている。見た目で警戒したが、温度はヌルくなく、最初のアタックから美味しいと感じ、何せ当店独自のオリジナリティを打ち出している所に好感が持てる。鶏は「大山鶏」の表記で、目黒の「竹むら」の「大山どり」の表記を思い起こします。鶏油がスープにコクを加えている。麺は道産小麦のブレンドを京都の製麺所「棣鄂：ていがく」と開発したものとのこと。咀嚼する時間が長くなるしっかりした麺で、麺として食わせる印象になり、食べている間スープとの絡みは少なく感じられます。スープが旨いだけに、これは麺への愛着、独立して際立たせようとする店のプリンシプルのように感じます。具材は、フレンチ出身の店主ということで、蛤の他、低温調理鶏チャーシューに三つ葉、海苔、なるとに珍しく長芋が加わり美しく盛られています。蛤は美味しく食べられ、添えられた器に殻を捨てていきます。長芋の素揚げのアイデアは上手くハマっていますが、チャーシューは臭みこそないものの凡庸に感じます。なるとは彩ですね。アイデア・話題性勝負になりがちな東京のラーメンも、この位のクオリティなら、安心して人にお勧めできますね。
        "
"
ミシュランガイドで2015年から3年連続でビブグルマン認定の銀座のラーメン店！(東京都中央区銀座)
",4.3,"
          1592むぎとオリーブ(東京都中央区銀座6-12-12 銀座ステラビル1F)最寄りの駅は 東京メトロの銀座駅か東銀座駅で それぞれの駅から徒歩5〜6分くらい銀座・中央通りの 銀座5丁目と銀座6丁目の間にある GINZA SIXの裏の通りに 2014年(平成26年)にオープンした ラーメン専門店「むぎとオリーブ」何ともラーメン店らしからぬ店名だが こちらのオーナー・岩田真理さんは現役のイタリアンシェフで ラーメン店で修行をした息子さんと二人三脚で イタリアンではなく ラーメン店を出店本編で説明するが イタリアンの手法を一部に取り入れたラーメンが評判となり ミシュランガイドで2015年から3年連続でビブグルマン認定された実力店ビブグルマンとは 5,000円以下で特にオススメを提供しているお店を対象に認定される数々のメディアでも紹介され 以前から その評判は聞いていたが なかなか訪問できない日が続いていたこの日は 日本橋付近での打ち合わせが長引き ランチを食べそびれ 浜松方面に向かう途中 銀座の中央通りの渋滞に巻き込まれる抜け道を模索していて その関係で むぎとオリーブの前を偶然通りががったのが 平日の15:30頃お店の前に行列がなく そして目の前の路上パーキングが これまた偶然1台分空いている条件反射のように車を停め パーキングメーターに300円を投入して入店すると空席があり 入口右手の券売機で食券を購入して 待つことなく食べられたこんな事もあるんだな銀座で用事があった時 何度となくトライしたが 行列と その後の時間の関係で 食べることが出来なかったのに…偶然に偶然が重なり これはラーメンの神様が食べろ！とチャンスを下さったに違いないと 何だかいい気分！(笑)店内に入ると 外から見えないカウンター席のみの構造で 銀座らしくラーメン店とは思えない とてもお洒落な雰囲気なのでこれなら女性のオヒトリサマでも利用しやすい蛤SOBA 980円むぎとオリーブの2本柱が 鶏SOBAと蛤SOBAその他に…鶏・煮干し・蛤のトリプルSOBA濃厚卵のまぜSOBA鶏と蛤の濃厚つけ麺以上の5種類があり それぞれに「特製」がある鶏SOBAと蛤SOBAで迷ったが 数量限定の蛤SOBAを今回は選ぶと そんなに待つ事なく到着クリアなスープに中細ストレート麺で トッピングは 鶏チャーシュー・ハマグリ・山芋・三つ葉・海苔と 白くうどんを結んだ正体不明のものが乗っかっている？思わずスタートに「これ何ですか？」と尋ねると 笑顔で「ナルトですよ！」人生でかなりのラーメンを食べて来たが こんな形のナルトを見たのは人生初銀座ともなると ラーメンのナルトまでも こんなにスタイリッシュになるんだな…感心させられる(笑)最初にスープを一口とても美味しいではありませんか！このスープ ハマグリと昆布だけで煮込んだスープとは思えない 深い旨みを感じるそれもそのはず 三重県のハマグリの一大産地である桑名市から 毎日直送されるハマグリを 惜しげもなく大量に使用しているからだ新鮮なハマグリから取った旨みタップリのダシに 独自にブレンドした醤油ダレと 爽やかな鶏油で味付けしたスープは秀逸京都の老舗製麺所と半年かけて開発した麺は スープの旨みをグッと吸収する オリジナルの自慢の中細ストレート麺鳥取の大山鶏(だいせんどり)を 低温調理した鶏チャーシューは シットリして とてもヘルシーで 女性でも食べやすい お洒落な一杯勿論 ダシを取ったハマグリの身も とても美味しい山芋まで入った この純和風のラーメンだが 冒頭でもご紹介した通り オーナーは現役のイタリアンシェフなので このまま終わるはずはない(笑)その答えが 卓上にあるエシャロットオリーブ若採りのラッキョウ＝エシャロットをオリーブオイルで揚げて 香りを移した むぎとオリーブの完全オリジナル調味料ここからが むぎとオリーブの真骨頂！全体の味は変えたくないので 最初はためしに レンゲに取ったスープに そのエシャロットオリーブオイルを数滴垂らして飲んでみるあら大変！純和風のラーメンが イタリアンテイストのラーメンに早変わりして→Buono！(笑)こんなラーメン食べた事がない 箸もレンゲも止まることなく 進みまくり 名残り惜しくも 完食・完飲したことは 言うまでもないあとがき…銀座で評判の高い ラーメン部門の宿題店舗では全国トップクラスのラーメンは 私好みの納得の味だった現役イタリアンシェフと その息子が作り出すラーメンだが その味は 純和風の美味しいラーメンだったしかし ラーメン店にはない エシャロットオリーブオイルで味変させる裏ワザに イタリアンの意地を感じた蛤SOBAは数量限定販売何故なのか？仕入れるハマグリの量に限界があるのと 仕込みにとても手間が掛かるためなのだそうだ銀座＝ラーメンのイメージはあまりないと思うが むぎとオリーブの近くには 自家製麺伊藤・九代目けいすけ・中華三原・たかはし・九州じゃんがらラーメン…など 人気と実力を兼ね備えたお店が集中している銀座で美味しいラーメンを食べてみませんか？ご馳走さまでした！動画https://twitter.com/ractom9990/status/1095632747626848257?s=21メディア掲載記事http://ohitorisama.life/special/?special_id=17食べログ・ユーザーページhttps://s.tabelog.com/smartphone/reviewer/003252708/?msu=003252708Twitterhttps://twitter.com/ractom9990Instagramhttp://instagram.com/sasuraino_tabibitofacebookhttps://www.facebook.com/%E3%81%95%E3%81%99%E3%82%89%E3%81%84%E3%81%AE%E6%97%85%E4%BA%BA%E5%85%A8%E5%9B%BD%E5%90%84%E5%9C%B0%E5%AD%A4%E7%8B%AC%E3%81%AE%E3%82%B0%E3%83%AB%E3%83%A1-528531493999882/
"
"
完成度高い蛤のつけ麺
",3.8,"
          鶏と蛤の濃厚つけ麺980円東銀座の有名店となったむぎおり。銀座６丁目のラーメンストリートとでもいう通りにお店はあります。今日はつけ麺にしました。特製はとてもじゃないけど、具が豪華すぎてお腹いっぱいになるので、最近は普通のです。それでも魔法の言葉、大盛り無料ですけど・・・にやられてしまいますが。ここのつけ汁はとても濃厚で、蛤と鶏がうまくマッチしています。それに合わせるテイガクのちゅるちゅる麺は、コシがありとても美味い。
"
"
オリーブオイルで味変　～　むぎとオリーブ
",3.9,"
          GINZA SIXの裏側、何軒かラーメン屋さんが連なる通りにある百名店。この通りは「九代目けいすけ」「九州じゃんがら」「東京油組」などがあり、ちょっとしたラーメンストリートになっています。19時過ぎに到着したら、行列はありません。券売機で食券を購入したら、もう一度外へ出て並ぶように言われました。お店の前に立っている2名が行列でした。なるほど。数分で入店。鶏・煮干・蛤のトリプルSOBA　特製　　1280円しっかし、銀座は外人多いっすねえ。このお店もアメリカ人、フランス人、中国人のお客さんがいました。店員もいちおう英語ではメニューが説明できるようにしているみたい。大変ですね。「没有湯」と書いてありますが、これは汁なしのことですかね。食券は渡してあるので、2～３分で着丼です。盛り沢山で具がいっぱいという感じの豪華なラーメン。ちなみに、特製は具が別皿という記述がありましたが、そんなことはありませんでした。スープ。じゃーん、期待して飲んでみると、おっと、貝独特の苦みというかえぐ味を感じますね。丸鶏の出汁とカエシの切れの中に、貝独特の味わい。ある意味刺激的だけど。これは煮干のえぐ味じゃないですね。あまり甘くなく、カエシの切れが特徴的なスープ。それにあわせる麺。これは美味い。パッツン系の細麺は加水率もちょうど良くて、「ザ・和風」という感じの仕上がり。チャーシューは豚2枚、鶏3枚。豚はピンク色の低温調理レアで美味いけど、食べているうちにどんどん白くなります。鶏チャーシューは胸肉でこれまた低温調理系ですが、結構火がしっかり入った、普通の胸肉でした。あさりは2個。別にどうってことありません。山芋の角切りは意味不明。必要ですかね。結んだ鳴門。どうみても揚げてないです。なんで「揚げた」と書いてあるんだろう。麺が美味しいので、多少アクの強いスープでも美味しく食べられます。でもちょっと中途半端かな。貝100％の蛤SOBAの方がはっきりしていいのかも。ほとんど麺を食べてから、卓上のオリーブオイルを垂らしてみました。お、これ、うまい！　エシャロットですかね、ちょっとスモーキーなオリーブオイルが、貝出汁のスープにすごく合います。和風から洋風に突然変異する感じ。「むぎとオリーブ」の神髄はここにあったのか。もっと早くオリーブオイルを入れればよかった。トリプルスープという特徴を持つ、面白いラーメンでした。なかなか美味かった。
        "
"
丁寧に作られた美味しいラーメン
",3.6,"
          銀座にある人気のラーメン屋さんです。平日の12時半に訪れると、特に行列もなく入れました。店内は外国人のお客さんも多いです。入って右手にある券売機で食券を購入します。私は特製鶏SOBA（¥1080）にしました。食券を渡して指定された席に着いて待ちます。事前に紙エプロンの要否を聞いてくださるのは優しいサービスです。数分後にラーメンが到着。具材は豚チャーシュー、鶏チャーシュー、味玉、練り物、三つ葉、海苔、鰹節など盛りだくさん。特製なので豚チャーシュー、鶏チャーシュー増しで、味玉付きになっています。細麺ストレートの麺はコシがありのど越しもいいです。スープは鶏出汁もさることながら、醤油の美味しさが際立ちます。醤油は3種の老舗メーカーのものをブレンドしているということです。細かいことは正直分かりませんが、そういうこだわりも納得の味でした。鶏チャーシューはたっぷり入っていて、柔らかでさっぱりと美味しいです。豚チャーシューは2枚。脂がのって旨味もあり、正直こっちの方が好み。全体として特別私の好みというわけではないですが、丁寧に作られた美味しいラーメンという印象でした。
        "
"
熱暑の日に海を想って食べたくなる蛤SOBA
",4.0,"
        「特製」は丼と別に鶏チャーシュー、豚チャーシュー、三つ葉、煮玉子、海苔が盛られた皿が付いてきます。ボリューム満点。やはり、これはコストパフォーマンス良好です。ラーメンの大盛も思った以上に大盛。前回日本橋では大盛にしませんでしたので差がよく分かります。こんなに美味くてボリュームのあるラーメンが10ドル程度で食べられることに、きっと外国人旅行者は驚くのでしょうね。
      "
"
濃い目の味付けに、のどごし抜群の麺がgoo！
",3.1,"
          2019.7新橋にきたついでに、美味しいラーメンをお昼に食べようと食べログ検索！3.7って高評価のお店を発見。ラーメン屋っぽくない名前だと、えっこら歩いてきたら、、、一時過ぎなのに行列が(^-^;仕方なくならんで待ちます。女性のお客様が多いですね。お店も外から見るとオシャレなカフェみたいな外観です。鶏と蛤の二種類のスープがあったので、一つずつ注文。もちろん発券機です。店内はたぶんカウンターのみですが、綺麗で清潔感あるかんじでした。カウンター上にこだわっている素材の説明などかありました。自信がうかがえます。楽しみ(*^^*)出てきました特選鶏。イメージ以上の色の濃さです。まずはスープから、、、こちらも思った以上に濃い。へー意外でした。もっとあっさりなのかと思ってました。しっかりした味のスープとしっかりとしたこしのある麺でスープともよくあいます。トッピングも低温調理の豚チャーシュー、鶏チャーシュー、、鶏はいまいちか。。。もっとジューシーなのを出すお店はたくさんありますね。相方の蛤は旨味たっぷりのラーメン。こちらも醤油の味がしっかり。しっかり派のラーメンなんですね。ごちそうさまでした。
        "
"
醤油の配合が決め手の鶏SOBA
",3.9,"
          週末の朝から銀座で所用があり、用事を済ませて時計を観ると１０時４５分。朝はほんの軽く摂ってきただけなので、ちょっと早いがどこで昼を摂るかを思案。以前よりの宿題店のクラッティーニで桃のパスタが始まっているのを思い出して電話するも満席で、今月の週末は全て満席との事だった。他の宿題店の朧月は月に一度の第一土曜日はお休みということで、もう一店宿題店であったこちらに足を運んだ。店頭に着いたのは１０時５５分で開店は１１時３０分なのでしばらく待つ事にした。しかし幸運な事に１１時丁度にお店を開けてくれたのだ！これは大変有難い！当方の前には４人程並んでいたが、開店するとあれよあれよと言う間に満席に。これには驚いた。券売機が入口右手にあるので何を食べるか少し悩ましいラインナップ。しかし初訪の店では一番ウリのモノを食べたいと念頭に置いている。という事で、一番初めにリストアップされている『鶏SOBA』をポチリと。合わせて味玉でも食べるかと思っていたのだが、『チキンドライ カーレー飯』なるものが気になり、こちらをポチリ。他には三重県桑名産の蛤出汁の蛤SOBA、鶏と蛤の２種類のスープに煮干しダシを加えたトリプルSOBAがある。店員に食券を渡して入口側のカウンター奥に通される。カウンターは入口奥左手にもあった。然程待たずに鶏SOBA着丼。間を開けずにチキンドライ カーレー飯着丼。中細麺で茹で上がりが早いのか、５分待つか待たぬかで提供されるのは嬉しい。◉鶏SOBAスッキリとした大山鶏をメインとしたスープで鶏の旨味に溢れた一杯。同じ系統の地球の中華そば(伊勢佐木長者町)より鶏の香りの出し方、癖の除去がこちらの方が好み。また一昨日行った狐狸丸の大山鶏を使ったスープよりも癖が無くよく手当された綺麗な旨味を味合わせてくれた。大山鶏はガラと丸鶏をふんだんに使っているが、臭味とクドさ、雑味等の出て無い丁寧な下処理に煮炊き仕事である事を思わせる良質なスープである。少し添えられた削り節を熱いスープに浸して味を出してから啜ってみると、また奥行きが深まる。醤油ラーメンは醤油ダレの出来も重要な味のファクターになるので当方は大変注視するところだ。川越のはつかり醤油の味わいが少し思い浮かんだので、もしやと思い口上を書き連ねたシートを観ると、埼玉、群馬、香川県の老舗醤油店のモノをブレンドして使われているという。詳細な醤油メーカーの名前は明かしていないが、おそらく単年度で仕上げた早期製造の大量メーカー品ではこの深淵で膨よかな醤油の風味は出ないと推測する。一瞬醤油の塩分が濃いかなとも思えたのだが、スープを飲み重ねていくも口に嫌な塩味が残る事もなく、大山鶏の強い旨味とガップリ四つに組んでおり、互いにぶつかり合うも離れないパワーバランス。醤油由来のキリっとした酸味も当方の好むところ。とはいえ、上質な大山鶏をふんだんに使われているのなら、醤油の塩味を幾分抑えて鶏のお味がもう少しストレートに出てくる様になれば更にこの丼の世界観も上昇する様に思える。鶏油も綺麗に取れていて脂がクドさと臭味が無いアッサリとしつつも深いコクをスープに与えている。調味料の備えはミル挽き黒胡椒とオリーブオイルベースと思われる香味油。オリーブオイルはあまり香りが鮮烈では無いものではあるが、葱(エシャロット？)の風味が意外にスープに強い匂いを移してしまうため、侵害とまでは言わぬが大山鶏の風味を覆ってしまう。当方的にはスープに入れて全ての味わいを変えてしまうより、蓮華に少しオイルを垂らして麺を掬って絡めて食べると、麺の小麦の風味とオリーブの果実味が良く合って悪くないと思う。そう、最近替え玉を和え麺の様な形で提供されている店が増えているが、スープにというより麺に掛けて食べた方が麺のポテンシャルもグッと引き出されるな。具材は低温鶏チャーシューがシットリと瑞々しく、とても柔らかい仕上がりで風味豊かなのに眼を見張った。これは八雲やいそべでよく戴いている鶏チャーシューより鶏の癖が無い分、彼等の上をいくお味だ。ロースの芯だけを使った豚チャーシューも香り良し。具材の影に隠れていた拍子木切りの長芋はソテーか素揚げか？火入れされた長芋からはネットリとした芋の滑らかな食感と粘りでスープの余韻をスッパリと断ち切ってくれる口直しアイテムとしては秀逸なモノ。仄かにオリーブオイルの香りがしたのは気のせいかな。結び目の魚肉の練物(紅白蒲鉾)もスーパーで売っている安物とは一味違う、店主のセンスが感じられる白身魚の旨味を感じ取れる良質な材料で作られたものなのだろう。三つ葉や海苔はまぁまぁ。葱は悪くも無いが飛び抜けて良いモノとは思えない可不可無きもの。薬味として、かつ口直しとしての存在意義で申し上げればまだまだ見直す余地有りだ。麺は当方が存じ得ない京都の老舗製麺所『棣鄂』と共同開発した低加水の中細ストレート麺。コシも強めでパキッとして小麦の香りが強く出ており、喉越しも良く醤油と鶏の強いスープにも負けない、終盤まで伸びない秀逸な麺だった。◉チキンドライ カーレー飯アッサリとした味わいの子丼。シットリとした仕上りで、ご飯とも馴染みやすく、また塩分濃度も塩っぱ過ぎ無いで丁度良い塩梅。スパイス感は大人しいが、それは鶏の風味を最大限に生かして打ち消す様な配合にはせれていないのだろう。このカーレー飯が単品で主役を張るのなら別の話だが、あくまでもラーメンのお供であって従者がメインのラーメンよりも目立った存在になってもいけないところを考慮してのものなのだろう。ややオイリーで、ご飯を食べ終えた小丼の底には炒めた際の油が流れ残っていた。巧く油切れを良くしてクドさを感じさせない印象と味わいが提供出来てくればもっと作品的にも昇華されよう。咽喉は１月経ってようやく快復し、何不自由無く美味しいモノを戴くことに対する事に感謝の念を常に抱きつつ今日も行く。
"
"
せっかく銀座にきたので一度は行ってみたかったお店
",4.0,"
          ちょっと研修で銀座に行く機会があって、銀座、イタリアンを食べている時間もないし、一人だしラーメンだな、ラーメン×銀座といえば、田舎者のおっさんでも知っているむぎとオリーブしかないな(^^)ということで訪問場所はGINZASIXさんの裏側テレビや雑誌でかなり見かけるお店なので並ぶことかくごで行ったのですが16時ごろという中途半端な時間もありスムーズに入店せっかく来たので一番高いのを注文しようの精神で特製鶏、煮干、蛤のトリプルSOBA（￥1180）を注文お味の方はスープ自体は色々な旨味がありまがらもあっさりとしたスープで細めのストレート麺にあってかなり美味いラーメンと表記せずにSOBAと表記するのがわかる、日本食といった味わい具材も低温調理した豚に香りのいい三つ葉、特に美味しかったのが煮卵で煮卵の味付けに負けないしっかりとした黄身の味がかなり印象的とても美味しかったです、ごちそうさまでした。
        "
"
銀座で「和を感じるラーメン」
",4.0,"
        上品な美味しい和ラーメン
      "
"
ミシュランビブグルマン選出のこだわりラーメン
",3.7,"
          【食べログラーメン百名店TOKYO2019選出店】【食べログラーメン百名店TOKYO2018選出店】【食べログラーメン百名店TOKYO2017選出店】【ミシュランビブグルマン東京2017選出店】【ミシュランビブグルマン東京2016選出店】【ミシュランビブグルマン東京2015選出店】　　　東銀座駅から徒歩5分くらいのラーメン専門店。　グレーホワイトの壁に、木枠の扉の外見がカフェっぽいです。　お店に入ると、ナチュラルウッドのカウンター席が並びすっきりオシャレな空間。　◆頂いたもの鶏と蛤の濃厚つけ麺　麺の上のトッピングがすごい具だくさん。スープは、醤油の味が強い鳥ガラスープ。つけ麺だと、絡まないかな、と思ったけど十分絡みました。。スープには刻みネギがたっぷり入ってます。麺は、つるつるでしっかりした弾力で噛みごたえのある極太麺。コシがあり美味しい。麺の上に、蛤、鶏チャーシー、レモン、海苔、水菜、ベビーリーフ、レモンなどが、こんもりのってきました。鶏チャーシューは柔らかく、ベビーリーフが入っていて女性好みな見ため。レモンを入れるとさっぱりした味にスープが変化し、卓上のエシャロットオリーブオイルを入れると、風味豊かでコクと深みの味に変化して美味しいです。ボリューム満点でした。。　ごちそうさまでした。
        "
"
個性的なラーメンですね
",3.6,"
          　銀座SIXの裏手には評判のラーメン屋さんが軒を連ねています...　そんなラーメン激戦区で毎日行列を作っているのが「むぎとオリーブ」さんです。　東京１００名店にもミシュランのビブグルマンにも選出されているので味は間違いないと...　行列嫌いな私ですがたまたま夕方の早い時間に行列がなかったので突入してみました。　メニューは鶏そば、蛤そば、鶏。煮干・蛤のトリプルそばとスープの種類で分類されているようです。　今回は基本の鶏SOBAを注文です。　着丼して感じたのがスープの色が濃い...　実際にスープはダシも効いていますが醤油がかなり主張しています。　麺は中細ストレートで結構、粉感が強いと感じました...　低温調理されたチャーシュー（鶏＆豚）は柔らかいですね...　旨いです。　スープ、麺、具材などどれもこだわりが感じられますし旨いです...　しかしながらなんとなくラーメンとしての一体感には欠けるような気がしないでもない...　それだけ個性が強いということなのでしょうね...　店構えや外観は優しいホワッとした雰囲気ですが...　意外と個性的なラーメンだと思います。
        "
"
麺の美味しさにこだわりを感じた一杯
",3.7,"
          ラーメン店ながら、ミシュランガイドのビブグルマンに選出されたお店。店構えやメニュー案内にも海外受けしそうなオシャレさがあります。お昼14時頃に訪れましたが、平日でも外には6人ほどの待ちが。ずっと接客に追われてるからか、この日の店員さんは少しお疲れ気味だったかな。◆鶏・煮干・蛤のトリプルSOBA（980円）注文したのは看板メニューであるトリプルスープのラーメン。普段はあまり出会わない蛤出汁ですが、これはいい風味ですね！たとえるなら、おいしいお雑煮のつゆをいただいている感じ。フランス料理の技法を取り入れられているとのことですが、これは和食の仕事にも通じるところがある気がします。何よりも感動したのは、ラーメンに使われている麺！特別な小麦の配分らしく、噛み応えや食感もすばらしい。適度なざらざら感と、歯をぐっと入れたときにぷつんと噛み切れる心地良さ。小麦の香りとオリーブの香りがちょうどよく合うんですね。これはちゃんと計算されていないと合わせられない麺だと思います。具の中では、特に三つ葉の存在がいい。食べ進めていくうちに、スープに三つ葉の香りが溶け出してくるのも爽やかです。鶏チャーシューも柔らかくておいしかった。全体的に優しくて、ずっと食べ続けられる味です。これは相当完成度の高い醤油ラーメンでした。ごちそうさまでした＊
        "
"
めっちゃ( ﾟДﾟ)ｳﾏｰ
",3.9,"
          この日は日比谷で飲み会♡あまり来ない場所で飲み会の時は仕事休んで早めに現地入りして連食しないとね(๑´ㅂ`๑)まずは前から狙ってたこちら。多数のフォロワー様が行ってて高評価！こんな人気店なのに基本は中休みがないのも有難い(・∀・)b平日の13:50。丁度入れ替わりで待たずに入店出来ました！その20分後ぐらいには待ちが出来てたのでタイミングが良かった(*´∀`)♪☆鶏▪煮干▪蛤のトリプルSOBA(ネギ抜き)＋味玉全部食べたい欲張りには嬉しいトリプル♡ただ、こんな混ぜたら味もゴチャゴチャするんじゃない？って思ったけどめっさ( ﾟДﾟ)ｳﾏｰ全ての良いとこ取りのガツンっとした旨味がタップリのスープはマジ美味すぎ！久々に麺食べ切る前にスープ飲み干しそうになったw蒲鉾？みたいのが映えるね♪チャーシューは鶏ムネだけどしっとりと美味い！蛤の身もちゃんとプリっと美味しい！長芋が意外に合うしいいアクセントになってる！味玉は好みのトロっと具合で味も濃くて美味い！いや～、めっちゃ好みで激ウマラーメンでした♡味は文句なし！けど、ちょっとお高め(^_^;これだけの素材を使ってたらこの値段になるのかな？っと思いつつも、ラーメンで1000円超えちゃったので総合でこの点数になりました(◍′ω‵◍)
        "
"
絶品！美味しい！懐かし&上品＼(^o^)／
",3.7,"
          平日の14時頃に伺いました＼(^o^)／銀座の駅から少し歩いた路面店で外観はコンクリ風の壁に木の看板(>_<)可愛らしい外観です♪( ´θ｀)ノ入って直ぐ右の券売機で券を買うシステムで店内はカウンターのみでＬ字になっています(>_<)⚪︎鶏・煮干・蛤のトリプルSOBA  980円まず…出てきてビックリ(>_<)何か結んである(￣◇￣;)（笑）蒲鉾で横に大根⁉︎と思って一口食べると山芋♪( ´θ｀)ノその他、蛤、鶏と色々と載ってます(>_<)まずは、スープを一口…お、お、美味しい♪( ´θ｀)ノ懐かしい感じもするが懐かしのスープのワンランク上の上品さ…美味しさもある(>_<)最近のコテコテスープとは違い味が濃いと言うよりはコク、奥行きのあるスープです(>_<)麺は細麺のストレートですが、ちょい硬めで食感がすごく良い♪( ´θ｀)ノ美味しい＼(^o^)／ラーメンと言うよりはスープ料理（笑）スープに野菜、蛤、鶏、麺がアクセントになり美味しい味を引き出しています♪( ´θ｀)ノすごく美味しいラーメンでした＼(^o^)／
"
"
銀座はラーメンでさえオシャレ
",3.4,"
          今日のランチは何にしよう？いつもそんなことを思う、東京滞在時。以前は考えたこともなかったのに、もはやこの地がAWAYのようになってしまえば、心変わりもするもの。新橋界隈はある種行き尽くした感があり、銀座方面に候補を探す。いくつかのストックを抱え、さてランチタイム。しかし・・・とてもそんな時間にいけることもなし。ようやく落ち着いたのはもう夕暮れ時。夕食も近いし諦めよう。GINZASIXへの所用に行くと裏口あたりに見えたラーメン屋っぽくない洒落たファサード。こんな時間にまだやっていたこちらにふと、足が向きました。入店したのは16:00過ぎ。店内に入ると比較的奥行きのあるこぎれいな感じの店内。右手に食券機があり、一番オーソドックスそうな鶏SOBA(880円)を購入。こんな時間なのに席はそこそこ埋まっています。くの字のカウンター席の入り口側に座り、洒落たユニフォームの店員さんに食券を渡す。次から次への入ってくる客。こんな時間なのに、結構繁盛しているのだなぁ。しばしして出て来た丼はスタイリッシュ。そして画的にもスタイリッシュ。透明感のある醤油スープのセンターに、リボンのような見た目の蒲鉾。チャーシューは2種のり、色鮮やかで華やかさもあり。まずはスープから。奥深い、上品さを感じる柔らかい味。オリーブオイルがいいアクセントになっているのでしょうか。続いて麺をいただくと、もくもくっとして粉感があふれ出る不思議な感じ。食感は蕎麦とラーメンの中間といったところでしょうか。なんとも不思議な食感です。鶏チャーシューはプリッとして上品ながらしっかりとした味。全体的に上品でバランスもいい一杯は、なぜかラーメンを食べている感を感じさせない。ある種東京らしい、スタイリッシュな一杯はラーメンという食べ物を別物へと替えているかのような感覚でした。評価詳細:3.49
        "
"
日本人は幸せだ
",3.5,"
          ギンザシックスの裏。ミシュランガイドのビブグルマン（安くて旨い店）として掲載され、一気にスターダムにのしあがった当店。土曜日13:30というヘンな時間だったにもかかわらず、待ち行列は15名。同じ週に大森の「HomemadeRamen麦苗」を訪れたばかりであり、また待つのかとウンザリしたのですが、思いのほか回転が速く、15分ほどしか並びませんでした。岩田圭介シェフは1987年生まれの埼玉県出身。ご両親は洋食店を経営し料理には慣れ親しんでいたようです。ラーメン好きが高じて銀座の地で一念発起。現在では首都圏で4店舗を展開。カフェのような店名の通り店内も中性的な雰囲気であり、女性ひとりでも問題なし。ミシュランの影響あってか客の3割近くが外国人でした。私は「鶏・煮干・蛤のトリプルＳＯＢＡ」を注文。スープがいいですねえ。大山鶏のスープに蛤と煮干の出汁。上品な醤油。それぞれの特長的な風味が少しも喧嘩することなく、ほとんど一体化しながら内臓に沁みていきます。ちなみに「特製」のトッピングをお願いすると、国産豚チャーシュー増し、低温鶏チャーシュー増し、味玉入りへと変化しました。さっきできたばかりのようにツヤツヤと白い鶏チャーシュー（？）が印象的。肉の量もたっぷりです。麺は京都の老舗製麺所と共同開発したそうで、それ単体では特長に乏しいものの、このスープを受け止めるにはやはりちょうど良いという塩梅。完璧な火入れの味玉、オリーブオイルで素揚げしたナルト、ラーメンの具材としては珍しい長芋と、これまでの試行錯誤が垣間見れた瞬間でした。ちなみにコチラはノーマルの「鶏・煮干・蛤のトリプルＳＯＢＡ」。それでも具材はたっぷりです。今度は「濃厚卵のまぜSOBA」や「鶏と蛤の濃厚つけ麺」を試してみたい。つけ麺は大盛無料やで。ミシュランが掲載したのは企画でも冗談でも何でもなくて、仮に同じ料理がイノベーティブな星付きレストランで出てきたとしても全く違和感のないクオリティ。実に完成度が高く、満ち足りた気持ちになるラーメンです。1,000円かそこらでこれだけの料理を食べることができる日本人は幸せだ。■写真付きのブログはコチラ→　https://www.takemachelin.com/2019/05/mugi.html
"
"
2015〜2017ビブグルマンの名店：むぎとオリーブ
",4.4,"
          2015〜2017ビブグルマンの名店：むぎとオリーブどうも、Mormorです！今日は銀座Six裏手に有る、2015〜2017ビブグルマンの名店、「むぎとオリーブ」さんに行って来ました。2014年にオープンした時から気になっていたのですが、なかなか行く機会が無くて行かれませんでした。漸く目処がついたので一念発起して銀座エリアのお店を回ってみる事に。ビブグルマンに選出された時の記事が貼ってあります。中国最大手オンライン旅行会社Ctripが推奨する、世界中の美食を紹介する「携程美食林」にも掲載されている様です。実際、店を出る時にかなりの人数の中国人観光客が並んでいました。11:30頃着いたのですが、5人程並んでいて、最後尾に着こうとしたら店内から出て来た方が「ここは食券を買ってから並ぶんですよ」と教えてくれました。と言う訳で食券を買いに店内へ。券売機の上のメニュー表には、日本語、英語、そして中国語の説明が書かれていました。暑いのでつけ麺に心惹かれましたが、ここは初志貫徹で「特製鶏・煮干・蛤のトリプルSOBA」¥1,180にしました。初訪なので、オーソドックスな鶏SOBAから．．．とも考えましたが、せっかくなので。食券を買って列に戻ろうとしたら、すぐに店内に案内されました。入ってすぐのカウンターの手前から2番目に着席しました。カウンターの向こう側には京都の麺屋棣鄂(ていがく)の麺箱が見えます。コップと空の小鉢とお手拭きが出て来ました。「空の小鉢は何だろう？」と思ったら、店員さんが外国の方でちょっと聞き取り難かったのですが、後から考えたら蛤の殻を入れる殻入れだったんですね。卓上を見ると、ウォーターピッチャーと箸、ペーパーナプキン、ブラックペッパー、楊枝、そして何だか分からなかったステンレス容器・・・後で食べログを見たら、エシャロットオリーブオイルが入っていたんですね。説明書きは隅々まで見ていなかったので気付きませんでした。次回は使って味変しようと思います。壁にはミシュランガイドと「携程美食林」の額が飾ってあります。ミシュランガイド2015〜2017のステッカーが貼ってあります。日本一こだわり卵のポスターと鶏節を使用しているという紙が貼ってあります。卓上メニュー。次はつけ麺を食べてみたいですね。SOBAとつけ麺の美味しい食べ方の説明。つけ麺の説明は良く有りますが、ラーメンを食べる時の説明はなかなか見ない気がします。店主のこだわりが感じられます。スープと麺と具の説明。最近はこうして説明書きを置いてくれているので、Blogを書くのが楽になります（笑）字が細かくてザッと見ただけだった説明書き。良く読んでおけばエシャロットオリーブオイルに気付けたのに・・・（泣）着席して5分程で「特製鶏・煮干・蛤のトリプルSOBA」が着丼。やはり、予め食券を渡していたからでしょうか？出て来るのが早いです。「特製鶏・煮干・蛤のトリプルSOBA」をアップで。麺が見えない程トッピングが豊富です。ビジュアル的にも綺麗で、見た目の美味しそうな感じはバッチリです。まずはスープから。一口飲んでみると鶏の出汁が良く出ており、中華そば四つ葉や中村麺三郎商店のスープと近い感じです。煮干の味はあまり感じられませんでしたが、蛤の味は鶏の風味の後に感じられました。バランス的に鶏出汁が6、蛤が3、煮干が1位の感じです。中細ストレートの麺は、京都の麺屋棣鄂(ていがく)の麺箱が有った通り、麺屋棣鄂と共同開発した麺との事で、中細ながらしっかりとした歯応えのコシの有る麺で、小麦の風味が濃い麺です。やはり美味しいラーメンは麺が旨いです。豚ロースを低温調理したチャーシュー。薄手ながらしっとりした感触で、スープに合わせた薄味に仕上げられています。惜しむらくは鶏チャーシューもサッパリ系のチャーシューなので、差別化出来ていない事です。鶏チャーシュー。しっとり感が有って、鶏チャーシュー特有のサッパリ感が有るチャーシューです。4個載っている蛤。実は貝はあまり好きでは無いのですが、この蛤は美味しいと思いました。出汁を取った後の出がらしという感じでは無く、蛤のお吸い物に入っている蛤の様に身がプリプリしていて美味しい蛤でした。これは何と言うモノだろう（蒲鉾？）と思っていましたが、実はナルトだった事が判明しました。説明書きによれば、「きれいに結んでオリーブオイルで素揚げした、あたらしいテイストです」と有ります。実際に食べた感じは素揚げしたとは思えない練り物特有の食感で、美味しく頂けました。こちらも素揚げした長芋。ラーメンのトッピングとしては珍しいものです。実は長芋アレルギーで、特に生の長芋やそれをおろしたとろろは気持ち悪くなってしまうので、絶対に食べられないものなのですが、幸いこれはしっかり火が通っていたお陰で助かりました。しかし出来れば普通のメンマを載せておいて欲しかったです。3枚載っている海苔。もちろんスープに浸けて麺を巻いて頂きました。美味い海苔だとちゃんとオカズになります。トッピングの味玉。「日本一こだわり卵」使用という事で期待していましたが、予想を上回る旨さでした。茹で加減は黄身がトロトロの半熟で、薄めの味付けも絶妙な美味い味玉でした。と言う訳で完食。鶏出汁の濃厚な風味に煮干と蛤の出汁が加わり、更にコクの有る醤油ダレが加わって味わい深いスープと美味い麺。トッピングも低温調理の豚ロースと鶏チャーシューでスープに合ったサッパリしたチャーシューで、美味しく頂けました。蛤も絶妙な火加減でした。唯一、アレルギーで食べられない長芋には焦りましたが、ちゃんと火が通っていて良かったです。流石は2015〜2017ビブグルマンの名店、想像以上の味でした。次回はつけ麺にチャレンジしてみたいと思います。にほんブログ村ラーメンランキング(function(b,c,f,g,a,d,e){b.MoshimoAffiliateObject=a;b[a]=b[a]||function(){arguments.currentScript=c.currentScript||c.scripts[c.scripts.length-2];(b[a].q=b[a].q||[]).push(arguments)};c.getElementById(a)||(d=c.createElement(f),d.src=g,d.id=a,e=c.getElementsByTagName(""body"")[0],e.appendChild(d))})(window,document,""script"",""//dn.msmstatic.com/site/cardlink/bundle.js"",""msmaflink"");msmaflink({""n"":""しおナイン60カプセル"",""b"":""トイメディカル"",""t"":""4987879610034"",""d"":""https:\/\/images-fe.ssl-images-amazon.com"",""c_p"":"""",""p"":[""\/images\/I\/418Guj96nOL.jpg""],""u"":{""u"":""https:\/\/www.amazon.co.jp\/%E3%83%88%E3%82%A4%E3%83%A1%E3%83%87%E3%82%A3%E3%82%AB%E3%83%AB-%E3%81%97%E3%81%8A%E3%83%8A%E3%82%A4%E3%83%B3-60%E3%82%AB%E3%83%97%E3%82%BB%E3%83%AB\/dp\/B07CHD546J"",""t"":""amazon"",""r_v"":""""},""aid"":{""amazon"":""1463186"",""rakuten"":""1463182"",""yahoo"":""1463184""},""eid"":""HuFrK""});リンク
"
"
中央区銀座、フレンチ技法の個性的ラーメン、行列のできる人気名店「むぎとオリーブ銀座店」初訪問！
",4.0,"
          #東京麺'S探訪！ #中央区 #東銀座編 #「鶏SOBA」(醤油) #名物「蛤SOBA」#「むぎとオリーブ」#遅ればせ初訪問！#仕事リサーチ兼ねそろそろ無印も見るかと#気分転換に #ちょい足伸ばし銀座ぶらぶら#相方が今日はラーメン食べたいと即承諾！#気になっていた一軒 #東銀座から徒歩5分#銀座SIX裏のラー麺ストリートに店構える#開店当時は話題になった #洋食出身の店主#オリーブオイルと黒胡椒が味のアクセント#フレンチ技法を取り入れた低温調理焼豚と#京都の老舗製麺所との拘りのオリジナル麺#ミシュランビブグルマン獲得店 #評判の#定番「鶏SOBA」(醤油) #名物「蛤SOBA」#行列ができる #客足の絶えない #人気名店 #「むぎとオリーブ」#遅ればせ初訪問！#1時30分頃着 #先客5名回転良く待ち10分#先に券売機でチケットを買い並び直す流れ#店員に食券を渡す流れオペレーション悪し#私は #名物 #蛤SOBA #味玉トッピング！#連れ #特製鶏SOBA #豚焼豚増し味玉付き#瓶ビール中瓶 #オーダー #傾けながら待つ#待つ事10分 #透き通った薄茶褐色のスープ#蛤たっぷり入り可愛く結んだ蒲鉾が乗った#綺麗な盛り付けの #蛤SOBAが先ず登場！#スープを口へ #蛤の出汁ふわっと拡がって#鶏湯と絡まりコクと醤油風味抜群絶妙旨！#低温調理 #鶏焼豚柔らか旨味抜群絶妙旨！#鶏SOBA濃いめ透き通った琥珀色のスープ #円やか鶏出汁コク抜群醤油味抜群絶妙旨！#中細ストレート麺とスープ絡まり抜群旨！#オリーブオイルと黒胡椒で味抜群絶妙旨！#拘りの素材と技法の個性的な味の逸品達！#次回は #トリプルSOBA #チキンカレー飯 #癖になる味の逸品 #再訪決定！#美味絶品！
        "
"
濃厚卵のまぜＳＯＢＡ
",3.7,"
          平日の19:30頃にお店に到着。結構ラーメン屋が多い通りです。食券を買ってから並びますが、お店の人がよく来てくれるので買ってない場合は買って下さいと言われます。私が行った時は１０人近く並んでましたが結構回転良く１０分ほどで中に入れました。良かった。お店は一人で入りづらいわけではありませんが銀座という立地からか、アベックや２、３人のグループ、外人さんも結構いました。まあ気にしませんが～本来は鶏ＳＯＢＡなんでしょうけど、まぜそば好きなのでまぜＳＯＢＡを選びました。濃厚卵のまぜＳＯＢＡ　840円ビジュアルにも結構凝ってます。なんといっても黄身がいい。メニューにもありましたが、結構濃いので混ぜても黄身が主張してくる感じでした。長芋が使われているのも意外だったけど良かったです。そこそこ濃い味付けなので三つ葉がアクセントとして良かったです。混ぜそばにありがちな調味料が置かれましたが、実は私はチーズが苦手。大量の粉チーズは遠ざけたかったかな。帰る時もやっぱり１０人くらい並んでました。次回はオーソドックスなメニューに挑戦してみます。
        "
,3.7,"
          土曜日の19:00。銀座で用を済ませて相方とらーめん行こう♪となりました。この界隈は人気らーめん店が多く同じ通りにあるじゃんがらさんに最近よく行きますが、この日はじゃんがらさんの行列が長かった為、こちらのむぎとオリーブさんまで歩いたところ、4人しか並んでいません。今日はここにしようという事で行ってきました。店内で食券を買って並びます。待つ事5〜6分で席に案内され、そこから3〜4分で提供されました。●特製鶏SOBA(1,080円)私のオーダー。スープは鶏の旨みも感じるが醤油の深さがあり美味しい。しかし少し塩っぱいぐらいに感じてしまう。麺は細めのストレート麺で噛むと小麦の風味をよく感じ、歯触りが良く茹で加減も絶妙で美味しい。スープと麺が相まって、小麦の風味と醤油の風味の共演がいい感じ。具材は低温調理の鶏チャーシューがしっとり美味しかった。また山芋と三つ葉がトッピングされているのが良い。●鶏と蛤の濃厚つけ麺(980円)相方のオーダー。途中でレモンを絞り卓上のオリーブオイルを入れるとまた雰囲気が変わって良いとの事。流石はミシュランのビブグルマンに選ばれているだけあって、味も見た目も店内も秀逸でした。女性お一人でいらっしゃるお客さんも多かったです。もう少しだけ塩味をなくしてマイルドだと好みです。ごちそうさまでした♪
        "
"
鶏soba 880円
",3.5,"
          史上最長といわれるゴールデンウィーク10連休中の土曜にお邪魔しました。場所はGINZA SIX裏あたり。お昼11時40分に並びはじめましたが、外に18人待ち、、、。悩みに悩んだけど、やっぱり食べてみたい！と意を決し。並んでいる途中で店員さんが1人1人に声がけし、順番に食券を購入してまた列に戻るというスタイル。鶏soba 880円（一番デフォルト？なのか、一番目にあったお品）をチョイス。食券を握りしめて待っていると、12時09分にお声がけが。入店まで約30分待ちでした。先に言った通り、券を順番に買うように促したりオペレーションがいいので、入店するとすぐに紙エプロンをいただき、1分ほどでラーメン登場！！具は、三つ葉、鰹節、短冊切りの長芋、（結んであるかまぼこだと思ったら）細長いナルト、豚チャーシュー、鶏チャーシュー。なんとも見た目もとても美しいお上品さを感じるラーメン。麺はザクザク口の中で切れる感じのしっかり歯ごたえある麺。スープは黒く、お醤油に近い感じの印象。総じて美味しいです。もう少し早く入店できたらなー、と思いますが、土地柄観光客のアジア人の方も多く、やっぱり常に並ばないといけないだろうなー、という印象。ごちそうさまでした。
        "
"
トリプルSOBA
",4.2,"
          休日の19時半頃目的のお店が休みだった為急遽予定変更で訪問外に列があったので分かりやすかったです。並んで居るとスタッフさんが食券確認に来ました。まだだと伝えると案内あり購入特製の鶏 煮干し 蛤のトリプルSOBA 1.180円卵かけご飯 200円 の1.380円の購入です。また列に並び直そうとすると1名さんは先に入れるとの事少々申し訳ない気もしましたが案内通りそのまま席に着きます。食券を渡すと少しして卵かけご飯のセットが出てきました。卵かけご飯にも塩昆布乗ってるんですね。そんな事を考えてるとラーメン登場特製だと200円増すだけあって豪華ですね〜。蛤もしっかりと入ってます。スープからいただきます。店名にオリーブと入ってるのでオリーブオイル感強めかと思いきやそんなことも無く飲みやすいです。トリプルってどうなの？と思いましたがその点も問題なくちゃんと纏められていて美味しい麺はそんなに主張の強いものではなくスープに馴染む感じ卵推してるだけあって味たま美味しいです。黄身の濃厚さもいいですが白身の弾力がまたいいですね〜卵かけご飯が楽しみになります。チャーシューも変に脂っこくなくバランス取れてます。ボリュームもいい。野菜では口直し出来ますし健康にも良さそうです。卵かけご飯は最初は醤油をかけずに頂きスープをかけ、卓上のオリーブオイルをかけ、最後に醤油をかけて頂きました。醤油もいいですがスープをかけてもやはりいい味出します。
        "
"
着丼から完飲迄をイメージした計算高きラーメン！
",4.2,"
          ミシュランに載ったラーメン屋、インバウンド客に人気、と以前から気になっていたこちらの店舗に行ってきました。訪問日は土曜日です。行列必死という事でしたので、11時30分開店との30分前、11時に到着です。待ちは４人程でした。待つ事15分、早めのオープンで11時15分くらいに開店しました。この時の並びは12人程に増えておりました。さて注文は特製　鶏、煮干し、蛤のトリプルSOBA　1180円です。周りを見ると、このメニューを頼んでいる人が多かった印象です。さて着丼。綺麗に整った具材の配置と、鶏の脂と透き通ったスープの色。期待感が高まります。経験則から、こういう丁寧なお店で不味かった事はありません。素晴らしい見た目です！！いただきます。スープは桑名産蛤の滋味深い味わいに、ほんのり香る煮干し、そして大山鶏の旨味がきちんとブレンドされています。それに合わせる麺は、食感が良く、スープとの絡みも抜群です。具材の鶏チャーシューは低温料理で旨味がぎっしり詰まっている印象。また、煮玉子、ナルト、三つ葉、海苔と全てが良い塩梅で組み合わさっています。麺がなくなり終盤戦です。スープはオリーブオイルをかける事でまろやかな味わいになり、まさにフレンチのスープを飲んでいるよう。完飲です。とても美味しかったです。あっという間の至福の時間でした。着丼からフィニッシュまで、計算されているんだろうなぁと素直に思うお店。人気店の理由が良くわかるラーメン屋でした。ご馳走さまでした。
        "
"
世界的にも評価されたラーメン！貴方はもう食べましたか？
",4.0,"
          今日伺ったのは「むぎとオリーブ 銀座店」さん。こちらのお店は、2018食べログの百名店に選ばれたお店。もっと言えば、ミシュランガイド（ビブグルマン）でも紹介されているらしいです。すごいですね(^^)お店に行くとすでに行列が…。並んでいるのは名店であれば当たり前。美味しいものを待つのは苦にならないので、列に加わります。私が注文したのは「蛤SOBA」980円。お値段的には結構お高い部類。でも料理が届いたときの衝撃はすごいんです。だって、器から放たれるハマグリの香り。「えっ。ラーメンですよね？？」目の前に磯の大自然が現れた感じです。このハマグリは三重県の桑名からの直送品らしいです。ものすごいこだわりですよね。（ミシュランのお店は伊達じゃないです。）大山鶏の鶏油と魚介類の出汁のバランスも最高です。鶏チャーシューのおいしーーーい。醤油味がうまく引き立ち。ハマグリの出汁の入ったラーメンスープはこの上ないおいしさに。今までにない味でした。おいしかったぁ。ごちそう様でした！
        "
"
ミシュラン掲載店！新感覚の鶏、煮干、蛤のトリプルSOBAが絶品！
",3.7,"
          店名からして、気になっていたこちらのお店。『むぎとオリーブ』ミシュランビブグルマン掲載店みたいですね！店内はラーメン屋さんっぽくて、カフェのようです。清潔感あります。初めて来たので店員さんにオススメを聞いてみた所、■鶏、煮干、蛤のトリプルSOBA（¥950）がおすすめとの事でこれを注文！ラーメンは待つ事５分位でした。見た目からして新感覚です、入っている具材は、蛤、低温鶏チャーシュー、低温豚チャーシュー、素揚げした山芋と、クルッと巻かれたナルト、三つ葉、海苔、刻みネギ、まずは、鶏、煮干し、蛤の３種類がブレンドされたスープから。醤油がきいてて、鶏、蛤がスープに深みのある濃厚な旨みを更にきかしてる感じです！煮干しはそんな感じなかったけど、そこがまたバランス取れていて美味しいのかな！めちゃくちゃスープ美味しいです！そして、麺がまためちゃくちゃ美味しいですね！ここのオリジナル麺みたいで、ストレートな細麺なんですけど、小麦の香りが良く、コシと固さがかなりあります！なんていうか、ラーメンなんだけど蕎麦のような！麺も凄く好みです！具材も美味しかったです！蛤とラーメンってすごく合うんだな！美味しいんだなーと思いました！蛤は毎日桑名から届いている新鮮な蛤を使用されているようです。しっとりした二種のチャーシューもそれぞれの旨味を楽しめました！後、驚きだったのが卓上のオリーブオイルを入れたらまた味がまろやかになって旨味が増し、ちょっと洋風ラーメンになってこれまた美味しかった事です！ラーメンにオリーブオイル合うのかな？と食べるまで思ってたんですけど、驚くほどに合うんです！スープが美味しすぎて、珍しくほぼ全部飲み干しました！あー新感覚でとっても美味しかった！オリーブオイルが健康に良さそうだしふつうのラーメンよりヘルシーで女子受けもかなり良さそうですね♫
        "
"
特製蛤SOBA
",3.6,"
          人気店故の行列待ちを敬遠して5年も通ってなかったが、11時20分頃通りかかったら待ちゼロの先客1名のみ。これはラッキー、即入店して特製蛤SOBA1180円とライス小100円を注文。空いているためか2分か3分ほどで着丼。蛤出汁の良い香りがふわり。スープをすすると、香りほど蛤出汁の強さを感じない。具沢山で旨味がぼやけてしまったのだろうか？具は豚レアチャーシュー、鶏ハム約5枚、海苔約4枚、小ぶりの蛤が5個、味玉、ナルト、山芋スティック2本、三つ葉、ネギ。蛤の身は個体差あるが、少し生臭い。山芋はいらないかな。麺は細めのストレート、この類のスープにはとても良く合う。開店直後なのでライスは炊き立て。とてもおいしい。具沢山でリッチな気分になるラーメンだが、スープの温度が少しだけ冷めてしまう。熱々スープが好きなら普通の蛤SOBAにすべきだったかもしれない。11時40分前には退店。店内は満席、店外は11名待ち。客の半数以上は外国人。待ちなしで入れたのはたまたま運が良かっただけのようだ。
        "
,3.5,"
          この日は銀座で一人メシ口はラーメン、ということで以前から気になっていたこちらのお店に訪問しました。最寄り駅は東銀座到着したのは平日の午後19時頃小さな入口から中を見ると空席もあったため入店(^^)まず券売機で食券を購入です！メニューは大きく分けて○鶏SOBA○蛤SOBA○鶏・煮干・蛤のトリプルSOBA○まぜSOBA食券を渡して待機手前のカウンターに着席して待つが店内も清潔感が保たれていて好印象(๑´ڡ`๑)見てると女性一人客も多い印象でした■頼んだもの・特製鶏SOBA(1080円)とかいってる間に到着！醤油ベースの黒めのスープに味玉・鶏チャーシュー・豚チャーシュー・山芋・海苔・三つ葉とさすがは特製、豪華なトッピング！あと一番上に結ばれたかまぼこ？的なものも乗っかってます。スープから一口、、うん、おいしい！パンチ力よりはシンプルな味わいを提供してくれるスープ見た目ほどのしつこさはないあっさりとしてます。刻みネギが食感を加えてくれて美味しさもマシマシ(*ﾟ∀ﾟ)麺も食べてみますが、ここは特に麺が美味しいと思いました！中細ストレート麺でシコシコ感が秀逸(≧∇≦)bスルスルって入っていくけどしっかりとした食べごたえがあります！トッピングも2種類のチャーシューを楽しめたり、味玉も好みの程よい半熟加減それぞれの食材を楽しんでいるうちにあっという間に完食！満足感はあるが重みは感じずლ(´ڡ`ლ)■まとめ人気店だけあって美味しかったです！メニューのSOBA通り蕎麦感もありライトに食べれる一品でした！ごちそーさまでした！
"
"
ラーメンレビュー２５件目　銀座の裏通りに佇む蛤SOBAが人気な【むぎとオリーブ】♪
",3.0,"
          今回ご紹介するのは、ミシュランのビブグルマン店に選べれている銀座6丁目にある外観がお洒落な【むぎとオリーブ】。食べログ評価も投稿時３・６２と高評価で口コミ件数も８００を超え食べログラーメン百名店にも選出される人気店です。口コミを読むと比較的あっさり系のラーメンな様なのしつこいラーメンが苦手な私でも食べれると思い訪問します。店内に入ると右側に食券販売機が初めての訪問だったので勝手が分からず、店員さんに一番あっさりしているメニューを訪ねると蛤ＳＯＢＡ￥９８０を勧められたのでその食券を購入しカウンター越しに券を渡します。こちらの【むぎとオリーブ】の外観はカフェの様なお洒落な造りで又内観はＬ字型のオープンキッチンのカウンター席で造形され私はＬ字の一番奥の席に着席。ＢＧＭもジャズが流れ普通のラーメン屋とは少し違うイメージで全体的に女性でも入りやすい雰囲気を演出していますね♪そうこうしているうちに、蛤ＳＯＢＡが着丼です。中身の具は、蛤・鶏チャーシュー・長芋・蝶結びのなると・そして海苔と三つ葉♪主役の蛤は三重県桑名市から直送、鶏チャーシューは低温処理、メンマの代わりにオリーブオイルで素揚げした山芋となかなか拘った内容です。先ずレンゲでスープから味わってみると、少し私には味が濃くマイルドさに欠けるしょっぱさ(@_@)続いて麺を手繰ると麺は低加水のストレート麺！スープとの絡みを考えての選択で良いと思われますが如何せんスープがしょっぱく全体的に味に角があります。お腹が空いていたので何とか麺は完食したが、スープは味が濃くて口に合わなかったので半分以上残しお店を後にした。食べ終わった感想ですが、確かに蛤やオリーブオイルで揚げた山芋・鶏チャーシューは美味しかったですが、スープに醤油の角が立っており私には少し濃口過ぎ(*_*)又店員さんがあっさり系と言った割には少し口の中に残る脂が気になりますね。中身の具は美味しかったですが、結局味が濃すぎてスープの大半を残し私には合いませんでしたが、お店のコンセプトは十分に伝わる蛤ＳＯＢＡでした♪「御馳走さまでした」 
        "
"
銀座：蛤SOBAで有名な「むぎとオリーブ 銀座店」
",4.2,"
          こんちゃわ。るぅです。新橋・銀座界隈は、良いラーメン屋さんが多いです。賓日は蛤そばで有名な「むぎとオリーブ銀座店」をご紹介。スポンサーリンクPC336×280(adsbygoogle=window.adsbygoogle||[]).push({});Contents1銀座の一等地にあるラーメン店2蛤SOBA¥8803スコアリング4店舗情報銀座の一等地にあるラーメン店商業施設の銀座SIXの裏手にあります。店構えもモダンで可愛いです。お昼時は行列しています。ちょい遅めの時間で訪問することをお勧めします。蛤SOBA¥880メニューはこちら。やはり一番人気は三重県桑名産のハマグリを100%使用した蛤SOBA。見た目もおしゃれです。蛤、鳥チャーシュー、長芋、なるとが載っています。ピンクのむずばれている物体がナルトです！笑特製がつくメニューにすると、別皿で海苔、煮卵、鳥チャーシュー、カイワレのトッピングが追加されます。 一口食べると、蛤の良い香りが、鼻を突き抜けます。間違いなく新橋・汐留界隈で1,2を争う名店です。食べログでも100名店入りしてます。途中でオリーブオイルを垂らして、味変すると、これまた絶品。スコアリングるぅ　：★★★★★間違いなくTOPレベルのラーメンが食べれる店。蛤の出汁が効いたスープは、味も香りも最高です。オリーブオイルで味変するところも斬新で素敵。 新橋・汐留・銀座エリアのグルメのスコアをまとめたものは下記からどうぞ！！【5段階評価】新橋・銀座・汐留のおすすめグルメまとめ【ディナー＆ランチ】店舗情報
        "
"
期待とは異なるが質の高い一杯に満足。
",3.6,"
          何年か前にBMしたもののすっかり脳裏の奥に追いやられていたが、故あって初訪問。銀座六丁目、じゃんがらさん、けいすけさん等が軒を連ねる一角にある。券売機で鶏・煮干・蛤のトリプルSOBA・980円を所望。お客の大半はインバウンド、そしてスタッフさんも海外の方々。どこか別の国に迷い込んだようでもあるが、これが自国の現状。然程待たされることなく来器。〈スープ〉蛤がトップに、鶏がベースにあって、煮干はあまり感じない。三素材がバランス良く成り立っている…そんなスープをイメージしていたが…。とは言え期待とは異なるものの美味しいスープ。やや塩気強めだがカエシの効きもいい。〈麺〉加水率低めの中細ストレート麺。切れ味とざらついた食感が結構好みで、茹で加減も文句無い。〈トッピング〉低温調理の鶏胸肉焼豚・蛤・海苔・山芋の素揚げ・結びナルト・三つ葉。昨今低温調理の鶏胸肉はレベルの高いお店が目立ち、相対的にこちらのものはややパサつきを感じ、旨味もやや物足りない。蛤はスープに旨味が移っており、まぁ見た目要員だろう。山芋の素揚げはラーメンのトッピングとしては珍しいが、なかなかスープに合っていて好印象。三つ葉の香りも良いアクセントになっている。総じて質の高い一杯に満足。再訪したいが、周りにラーメン屋が沢山あるので誘惑に負けるかも知れないが。
        "
"
【プチ贅沢ランチ／OL 1人ランチOK】麺が独特！あっさり鶏SOBA（´H`）
",3.6,"
          銀座SIX周辺で用事を済ませた後16時頃お昼食べてないなと・・・そういえばこの近くに女性でも入りやすいと評判のラーメン屋があったな！と思い立ってすぐさま急行銀座SIXの裏手はいつのまにやらラーメンストリートと化し、じゃんがらやら油そばやらで並んでいるお店がちらほら外国人の方もとても多くなりました。そんなラーメンストリートをすすむと外壁が白のかわいらしいお店がこちら「むぎとオリーブ」です！中途半端な時間にもかかわらず5人程並んでおります。サラリーマン・女性1名・カップルと様々で、店内も男性半々くらい外国人が半分占めています！並ぶこと20分程で店内奥の席へ通されます。ウナギの寝床のような造りでキッチンに面してカウンターがL字に設置白とウッド調で女性でも居心地◎券売機で買ったのは【特製 鶏SOBA　1,100円】あらかじめ食券を渡しているので、着席後すぐに運ばれてきます。特製は「煮卵・チャーシュー2種・のり」が別添えで出てて来ます。トッピング増し増しのようですね。初めてなら特製でなくても良いかも！トッピングの彩がよく、写真写りが良い！今時だ！濃い茶色の澄んだスープは見た目よりもあっさりしていて、コシのあるストレート麺の主張が強い！この麺は好みがわかれそう、私は好き玉葱や三つ葉の香りが良いアクセントになり、長芋のシャキシャキ食感が楽しい！しっとりとした鶏チャーシューもたまらなく美味しくずっと食べていて飽きがこないです！少し食べ進めてから卓上にあるオリーブオイルを加えるとまたきゅっとしまりいいです！店名なだけあってこれは決めてですね。女性が一人でも入りやすく、重すぎずさらっと食べられる素敵なラーメンでした！これが近くに来たらまた食べたい！ごちそうさまでした！
        "
"
【中央区】一度は食べたいと思っていた拉麺
",3.7,"
          【アクセス】地下鉄銀座駅から徒歩で数分のところ、ホテルグレイス銀座の近くに拉麺屋さんはあります。【利用時間と店舗】今回は平日の1215分にお店に到着。店外には12人が並んでいる状況です。おおよそ15分並びに券売機で券を買うよう言われ券を買い、その券をスタッフさんに渡し入店です。店内は木を多く使い温かみのある空間。洒落た小料理店のようで居心地はいいですね。座席はカウンター席のみです。【特製蛤SOBA1180円】※税込綺麗に盛り付けられた拉麺です。スープ：三重県産の蛤をふんだんに使い、鶏ガラなどを合わせたスープです。一口フープを啜ると口の中にふわっと広がる蛤の旨味。カエシの醤油も角がとれて丸みがあるため、グイグイと飲めます。んんー、高級料亭で味わうような上品かつ奥深い味は絶品です。麺：普通サイズのストレート麺を食べると小麦の風味とスープの旨味が上手く調和し、食べていて笑顔がでます。トッピング：特製は別皿に豚チャーシュー、味玉、海苔、貝割れ大根がのりでてきます。プリプリした歯ごたえの蛤。さっぱりした味わいの鶏チャーシュー。食感が楽しめる穂先メンマ。別皿の豚チャーシューは柔らかくジューシー。トロトロした旨味の味玉。海の香りが楽しめる海苔。んんー、豪華なトッピングです。【スタッフ等】特製をオーダーしたが、別皿のトッピングは出し忘れ。こちらが言うまで忘れてました(ﾟoﾟ;;ちなみに隣の方の別皿トッピングも出し忘れ。丁寧に謝れましたが、ちょっと残念です。【最後に】メデイアに取り上げられる有名拉麺屋さん。この拉麺屋さんは銀座、いや、日本を代表する拉麺屋さんです。今回、別皿の出し忘れはあったが、丁寧な接客。そして拉麺の味は文句のつけようの味。この味、老若男女が好みますね。銀座の一等地で食べるちょっと高級な拉麺にご馳走様でした^ ^No.31012019
        "
"
具材！スープ！麺！どれもがグレード高く、二軒目なのに完食するほどウマい！！
",3.8,"
          東銀座でお取引先さんとの懇親会が予想より早く終わって、まだ21時過ぎだったので、東銀座の冷たい雨のふりしきる中、こんなチャンスは無いかもと、一目散にこちらのお店に向かってみました。案の定行列無しで、お店のスタッフの方から席が空いていると伺ったので、夜の二件目でしたが躊躇せず入店。先ずはお店の入り口にある券売機でメニュー選び。蛤も気になりましたが貝出汁はここ最近後悔することが多いので、特製鶏SOBA(1080円)をチョイス。入り口近くに着席です。お店はL字型に左に折れているので奥の様子ばは見えませんが、入り口からカウンター席が続いています。21時過ぎですが、そのカウンター席はほぼ満席です。そして特製鶏SOBAが到着です。少し濃いめの醤油スープに緑の三つ葉が映える水面。細く切って結んである紅白のナルトが水面の中央で華を添えています。低温鶏チャーシュー2枚と豚チャーシュー、そして味玉と海苔2枚が別皿で提供されます。先ずはスープを一口。アッサリした醤油スープですが、出汁の美味しさが際立ちます。次に麺を頂きます。少し固めの細目は独特の香りと風味があり、スープの出汁に負けない存在感の美味しさです。鰹節と三つ葉と共に麺を頂くと、鰹節の風味と麺の香りがとてもマッチしていて、そこに三つ葉の爽やかさがプラスされて美味しいです。麺を食べ進んでいくと、細長くカットされた白いものが。何かと思いながら食べてみると、揚げた長芋のようです。コレが香ばしくてシャクシャクした食感でウマいです。続いて具材を頂きます。低温の鶏のチャーシューは柔らかくて鶏の旨味か美味しいです。豚チャーシューは柔らかくて脂身の甘味が美味しくて旨いです。半熟玉子は味が黄身にまで滲みていて美味しく、具材の何れもがしっかりとした美味しさでそれぞれグレードの高いです。美味しいスープと相まって、飲み会の後の二件目とは思えない程、食が進み完食しました。こんなに美味しいのなら、一件目に頂いていたら更に満足度が高かったかも知れず、これは空腹の時にもう一度来るしかないな、と思い、既に閉店の看板を出し終えたお店を後にしました。ごちそうさまでした。
        "
"
2018ラーメンTOKYO百名店めぐり: むぎとオリーブ 銀座店編
",3.5,"
          食べログで高評価のお店は本当に美味しいのか実際に行ってみました。【入店まで】平日の14:30頃に伺い、席の準備の関係で5分ほど待ち入れました。【店内】カウンターのみで奥に長く、そこそこ入れそう。銀座という土地柄か、外国の方も多かったです。【注文】特製 鶏・煮干・蛤のトリプルSOBA: 1,180円【見た目・味】特製は別皿で煮卵やチャーシューが付いてきます。醤油ベースのスープに上記3つの出汁がガツンと効いてきます。しかしそれがマッチしているかというと微妙で、ただそれぞれの味がするという印象でした。連れは普通の「鶏SOBA」でしたが、正直そちらの方が美味しかった。【総評】店内やラーメンの見た目はオシャレなので、人気店というのも分かります。女性や外国の方向けなのかなと感じました。次回は欲張らずオーソドックスな「鶏SOBA」でいこうと思います。ごちそうさまでした。
        "
"
麺とスープそれぞれは美味い。具は普通。
",3.1,"
          特製トリプルSOBA大盛り 1,280円。トリプルは煮干し、大山鳥と桑名のハマグリのミックススープ。具はあちこちに書いてある通り。総括すると、なんかピンと来ない。麺ありきで考えると、スープの甘みが勝ち過ぎてる気がする。麺に歯ごたえがあって噛むたびに小麦の旨味を強く感じるんだけど、スープの甘さが邪魔してる。見方を変えると、麺がもっと弱ければバランスが良くなって総合点が上がるのでは？ナルトと山芋はオリーブオイルで素揚げしてあるらしく芸が細かい。スープとの相性を高めるための配慮なのだろう。山芋は言われなければ素揚げしたとわからないぐらいだったけど、それでも何かしらの効果があるのだろう。鳥チャーシューは香りがハマグリと合わない気がした。豚チャーシューの方が個性的で好み。最近家で味玉を作るようになって思うのは、無理にラーメン屋で味玉つける必要ないなってこと。他に食べる機会がなかなかないから付けてたんだなと。家にあるなら無理に頼まなくても平気。瀬佐味亭の茶玉子は例外で、今後も食べたいなと思うけど。基本無料だし。生の三つ葉がたくさん入っていたが、多少の爽やかさはあるものの思ったより香りが立たない。エシャロットか玉ねぎのみじん切りを加えてくれた方がアクセントとしては良さそう。スープについては、煮干しは引き立て役であまり強くなく、口に含むとまず鳥がいっぱいに広がって、少し遅れてハマグリがアゴに染みて、飲み下すときはハマグリが勝っているという具合。半分食べたところで黒胡椒（ミル）を投入し、さらにエシャロットオリーブオイルを追加。オリーブオイル多めの方が好みで美味い。
        "
"
【百名店2018・3年連続ビブグルマン掲載店】蕎麦とラーメンのいいとこどりのハイブリッド系
",3.0,"
          おけいこの前に何かお腹に入れておこうと、銀座5丁目付近をウロウロ。GINZA SIXの裏の通りがいつの間にかラーメンストリートになっている！！この店も聞いたことある、この店も知ってるってのが連なってます。一番はじっこにあるせいか、比較的すいているこちらのお店に並んでみました。（たまたまただったらしく、出てきたときは大行列でした。(*_*)）店の外観はまるでイタリアンのお店のよう。女性でも入りやすいと思います。中はすべてカウンター席。オープンキッチンで、目の前で作られるのが見れます。従来のラーメン屋を想像していくと、ちょっとびっくりかも。スタイリッシュなお店です。今日の気分は貝節。こないだ女友達が、「今、貝のだしのラーメン流行ってるのよ」って言ってたのを思い出し、蛤SOBA＠980円にしました。細麺なので、すぐに提供されます。スープを飲んでみると･･･ん？これで合ってるの？食べなれない貝スープなので、目が白黒。ほんのり苦味が感じられたんです。それでいながら、塩気が足りないのか、コクが足りないのか。色はいい色のスープなのですが、見た目と味にギャップが。こういうのを繊細な味と呼ぶのかな。麺は先日、九段下の八咫烏で食べたのと似てる。細麺で噛むとシュコシュコするタイプ。これ、今、流行ってる？八咫烏よりもシュコシュコはやや弱め、ザラっと感があります。もはやラーメンとは呼ばない。こりゃ蕎麦っぽいわ。SOBAなんだね。具も三つ葉や長芋が入っていて、爽やかです。真ん中の紅白かまぼこで出来たネジネジが、和を醸し出して見た目もいい。残念なのは、蛤の身が薄っぺらくなってしまってるのと、鶏チャーシューが水っぽい。鶏チャーシューは低温調理でしっとりしてるのだけど、今まで食べた中で、一番、水っぽくて･･･。低温調理もの好きなんだけどな。半分食べ進めてもやっぱり、SOBAならば、もう少し味の濃いスープの方が好みだなぁと思い続けてました。私の舌がバカなのかもしれないと少し不安。周りを見ると、皆、黙々と美味しそうにたべてるし。そのうち、隣の男性が黒コショウに手を伸ばして、かけていたので、真似してやってみました。あ、少し落ち着いた。コショウがまとめてくれた感じ。もうひとつのツボにはオイル（オリーブオイル？）が入っていたので、これもかけてみました。これはハッキリとした味変を感じなかったです。大変人気があるし、評判の店だけど、私とはミスマッチだったかなぁ。でも後味がスッキリで、お腹にももたれず、女性受けはしそうな気がします。
"
"
東銀座 ソロ女子も入りやすいラーメン屋さん
",3.6,"
          百名店に選ばれている東銀座にあるラーメン屋さんです。2015年にミシュランのビブグルマンにも選ばれた実力店。所用があり、この日は午後お休みをいただきました。おつかいものを購入するため銀座へ。ランチがまだだったので、思いついてこちらのお店に伺ってソロランチをすることにしました♪すでに14時半過ぎ頃でしたが、お店の前には行列ができていましたΣ（ﾟдﾟlll）4〜5組目くらいかな？10分も待たないうちに、「店内で食券を購入したら、もう一度外の列の先頭に並んでください」と。並んでいる間に何を食べるべきかスマホで調べましたが、今ひとつ間に合わなかったので、そういうときは1番上のメニューです。・鶏SOBA(880円)夕方から用事があるので、ビールは飲めません(u_u)食券を購入し、外に戻ろうとしたら、席へどうぞと。どうやら前の2人組が並んで座りたいらしくて、1人席を先に譲ってくれました^ ^店内はラーメン屋というよりはカウンターカフェ的なイメージです。男性率が圧倒的に高いですが、店構えといい店内の雰囲気といい、ソロ女子でも入りやすいです。ラーメンですが、スープがめちゃ美味(≧∀≦)醤油ベースでまろやかながら油も効いて良い感じd(^_^o)最後までしょっぱさを感じないし、深みのあるスープ。麺は、これは細麺？あるいは中細麺なのかな？ストレートです。そーめん的な感じですが、実は私はそーめん的なラーメンは美味しく食べられますが、現時点ではどちらかというと好みではないです。お店の入り口に、Clam Ramenとあるので、もしかして、1番の売りメニューは、蛤SOBA？また機会があれば、再訪して、今度は蛤SOBAを食べてみたいです♪ご馳走さまでした♪( ´▽｀)
        "
"
バランスの良いハーモニー
",3.7,"
          【注文品】鶏・煮干・蛤のトリプルSOBA 特製【所感】平日21時頃に店舗訪問。数人の外並びがあったが、10分ほど待って入店できた。こちらのお店は、ミシュランガイドの「ビブグルマン」でももはや常連となった超有名ラーメン店で、男女問わず大人気。この日も遅い時間にも関わらず、老若男女たくさんのお客さんがいらっしゃった。メニューは、鶏そばと蛤そばの二本柱が人気だが、今回は、その鶏と蛤に煮干しを合わせたトリプル出汁の一杯を注文。トッピングにチャーシューと蛤が乗っており、見た目から美しく豪華。肝心のスープは、３つの出汁を使っているためもっと複雑な風味になるかと思いきや、意外とシンプルな印象。鶏の風味が強く出ている中、蛤と煮干しの魚介の出汁も上手く溶け込んで旨味を感じられ、非常にバランス良くまとまった一杯。ストレート細麺も王道で美味しく、トッピングのチャーシューも高いクオリティ。食べてるみるとその人気の理由が分かる、良くできたラーメンだと思います。
        "
"
キャノンデールのＢ級食べ歩記: 行列の人気ラーメン店は夜が狙い目。「むぎとオリーブ 銀座店」で「特製蛤SOBA」
",3.5,"
          銀座で所用を済ませて、時計を見れば19時前。新橋から虎ノ門に職場が移ってから、なかなか行きづらくなった銀座でラーメンを食べて帰ろうと、ブックマークから選んだのはむぎとオリーブ銀座店。深みのある鳥取県産大山鶏や三重県桑名の蛤から取ったスープと、オリジナルの自家製麺で評判のお店ですが、ようやく訪問です。ランチタイムは大変な行列らしいのですが、夜は狙い目。19時少し前に店に行くと、店内には空席があり、即入店です。入口で食券を購入。今日は特製蛤SOBAをチョイス。いわゆる全部入りです。逆L字の変形カウンターの奥の席に案内されました。紙エプロンがあるので、あらかじめ借りておきます。おっちょこちょいの私には必須アイテム。卓上にある口上やメニューを眺めながらラーメンが出てくるのを待ちます。そんな事をしている間に、特製蛤SOBAのトッピングが別皿で供されます。これがこの店のシステム。低温鶏チャーシュー、国産豚チャーシュー、味玉、海苔、三つ葉が盛り付けられています。追いかけるようにラーメンが出てきました。味玉以外の特製用の具がデフォルトでのっています。蛤がたっぷり。更に山芋の短冊と可愛く結ばれた紅白の蒲鉾で、彩りも美しいプレゼンテーション。そんなカラフルな具を足元で引き締める濃口のスープをひと口。大山鶏から抽出したという鶏油が浮いています。これが、醤油ベースに蛤の風味がミックスしたスープと実に良い相性。鼻をくすぐる香りに、胃が活性化してくるのがわかります。ここで、特製のトッピングをラーメンの上にオンしていきます。もともとデフォルトの具が多いところに、特製のトッピングをのせると、もう麺が見えません。自分でのせておきながら間抜けな話ですが、そんな具をかきわけ、麺を引き上げて啜ります。多品種の北海道産小麦からセレクトして作られたオリジナル麺は、やや細めの番手。エッジが立ったシャープな歯触りと喉越し。茹で加減も固めで、麺がしっかりと締まっています。「これは旨いなぁ」とズルズルっと啜った矢先、勢い余ってむせてしまいました。スープが飛散しましたが、紙エプロンがナイスセーブ。危なかった。。。いい年をして、恥ずかしい話です。周囲の人も呆れているでしょうが、なんとか態勢を立て直し、何食わぬ顔て食べ進みます。チャーシューは鶏も豚も上品な仕上げ。一般的なワイルドさはなく、素材の味を活かしてシンプルに仕上げた印象です。主役の蛤は、出汁に貢献した大役を果たし、やや疲れ気味ながらも老獪な食感。終盤でようやく着手した味玉は好みの半熟です。最後は卓上のオリーブオイル、胡椒で味変してフィニッシュです。さすが人気店だけあって、満足度が高いラーメン。最近銀座では高評価の店が増えています。ラーメン店には地代が高すぎて割に合わない商売だと思うのですが、銀座で成功することで、それを上回る効果があるのでしょう。女性好みの店名や明るく清潔な内外装も、女性客を引きつけるマーケティング。もちろん汁は完飲ですが、腹パンです。気になっていたチキンドライカレー飯を頼まなくて良かった、とホッとしました。大満足の銀座ラーメンディナー。次回はどこで何を食べましょうか。むぎとオリーブ銀座店関連ランキング：ラーメン|東銀座駅、銀座駅、築地市場駅
"
"
やさしい鳥ベーススープと歯切れの良い麺がマッチ
",3.5,"
          正月明けの4日に先客が多く断念したこのお店に再トライ。ちょっと、フライング気味に会社を出て11時30分過ぎに現地着。丁度、回転したてで次々と先客が入店しているタイミング。ラッキーな事に1巡目で入ることが出来ました。まずは、券売機にて注文となりますが、はじめてのお店なのでまずは定番を。。。特製 鶏SOBA（1,080円）定番鶏SOBAに鶏、豚のチャーシュー増し、味玉子のトッピングが追加になっています。先に追加トッピングが別の器で運ばれ、間もなくしてラーメンも到着。見た目は写真でも見ていたが、本当に濃い醤油色。塩っぱそうな印象を受けるビジュアルです。ですが、しっかりとした醤油を感じる味付けなのですが、微かに甘みを感じるやさしい味わい。ベースのトッピングには鶏、豚のチャーシュー、海苔、スティック状の山芋、なると？かまぼこ？、刻みねぎ、鰹節とけっこう豪華。さて、麺ですが一般的な中華麺とは異なり、日本蕎麦のような歯応えとシコシコ感がある食感に自分の中で新しさを感じました。お隣さんは蛤SOBAを注文。チョットだけ覗いちゃいましたが、恐らく、蛤SOBAは、また、全く違ったテイストなのだろうと次回の来店を誓いました。ごちそうさまでした。。
        "
"
鶏SOBAのバランスが秀逸
",3.8,"
          今や銀座でトップを争う人気店となっているこちら。日本橋とさいたま新都心にも展開しているようですがいずれも人気店となっています。ここ東銀座のお店は行列ができるほどの人気。この日も遠目からもわかる待ち行列。祝日の11時45分頃だから、タイミング的には混み合うところではあるのだけれど。着席できたのは並び始めてから40分後。並び客の人数の割には回転が速い印象。並んでいる途中に食券購入を促されて、購入したらすぐに店員さんへ渡し、予めオーダーを通しておいてくれるというオペレーションが優れているのでしょう。オーダーは鶏SOBA特選とチキンドライカーレー飯。特選はチャーシューと海苔が倍増し状態＆味玉が別皿で提供されます。鶏SOBAをひとすすり。これはさすがのクオリティ。スープには鶏の滋味が溢れ出ている中で、とんがった塩味がなく、優しく美味しく食べさせる味わい。麺もまた、このスープに対して完璧な相性を誇る細めのストレート麺。この一体感はどうやって生み出すのでしょう。チキンドライカーレー飯もスパイスをしっかり程よく効かせる、実はこのお店の隠れた名物ではないかと思います。あっという間に米を平らげてしまうカレー飯も是非食べていただきたいです。人気の理由がわかるし、また行ってしまいそうです。
        "
"
トリプルそば
",4.0,"
          千疋屋でパフェを食べたラーメンが食べたくなりました。銀座でラーメンの周辺検索をするとこちらのお店がランキングのトップに出てきました。千疋屋から歩いて5分ほどのところにあります。並んでるかなと思ったら、並んでいませんでした。でも店内で席が空くのを少し待ちました。券売機方式。鶏そばにしようかと思ったけど、トリプルそばに惹かれたのでそちらにしました。L字のカウンター席のみですが、席数はまあまああります。トリプルそば、980円。鶏、煮干し、蛤の各スープをブレンドしたスープのラーメンです。鶏のレアチャーシュー、蛤、三つ葉、海苔などがのってます。水引きのように結ばれているのはナルトと書かれていました。こんなナルトもあるんですね。メンマの代わりに揚げた長芋。長芋なら揚げなくても生のままでも美味しい。スープ、美味しいですね。鶏だけではなく、複合された味です。鶏だけだとあっさりとした味になりがちですが、このトリプルそばはコクのある出汁が出ています。麺はそばという名前に相応しく、ラーメンというより蕎麦に近い麺。カウンターの上に黒胡椒とオリーブオイルがありました。入れてみたい気もしましたが、飽きることもなく何も入れずに完食しました。ごちそうさまでした。
"
"
美味しい(^^)v
",3.8,"
          暑い夏も終わったので、そろそろ温かいラーメンなど、麺類が食べたくなる季節かな。が……本日は台風の影響で、朝から強風と激しい雨！もうこれ以上、被災地をいじめないでほしい( ；∀；)雨が少し小雨になった頃、久しぶりにこちらへ。お隣のビルが工事中で、入口が見えなくて、道を間違えたかと思いましたよ！シンプルな醤油ラーメンですが、ホント美味しい。製麺所も、使っている醤油も、店内に箱とかおいてあるからバレバレですが(((^^;)それでも真似できない自信の現れでしょうかね。似たような味のラーメンありますが、やっぱりこちらのが一番好きかも。一口目のスープがしょっぱく感じるけど、食べるうちに何だったのかな？ちょうどよく思える。とにかく美味しかった。ごちそうさまでした(^^)
        "
"
お蕎麦のつゆかと思う優しさと風味に、オリーブオイルとブラックペッパーが加わると、一変してラーメンスープに・・・。オリジナリティ高いさすがの人気店。
",3.4,"
          土曜日の20時頃、ちょうど満席・・・位な感じで、ほぼ並ぶことなく入店できました。券売機の左上の法則でチョイスした「鶏ＳＯＢＡ」は、見た目にも上品なラーメン。鶏ハムの他に、三つ葉とかまぼこ、ねぎ、里芋の短冊などがトッピングされてきます。紐状のかまぼこが、きれいに結ばれている様も素敵です。その印象のせいか、極めて日本的な味付けのように受け止められます。目をつむってスープを啜ったら、お蕎麦のつゆと間違えそう。やさしい出汁と香り、トッピングされた食材の風味などが幾重にも重なって作り上げられている味だということを感じます。ところが、途中からその“そばつゆ”に、卓上のオリーブオイルとブラックペッパーを加えてみると一変。紛れもないラーメンのスープになります。上品さ、繊細さは損なわれていないのですが、ちょっと膜を貼ったようなマイルドさとコクと、全く異なるスパイスの刺激が加わって、別物ながらやはり美味しいです。うーん、こんな感じのラーメンは初めて食べました。他に類似性を見ない、すてきなアイデアです。ここでしか出会えない味に、感謝。次は、蛤のラーメンにもチャンレンジしたいです。
        "
"
海外からの観光客で賑わうラーメン屋さん
",3.0,"
          銀座、旧松坂屋の東側エリアがラーメンストリート化していた。。。本店は秋葉原のじゃんがらラーメン。本店がどこかよくわからないけいすけ。新宿歌舞伎町が本店のたかはし。どこでも総本店の東京油組総本店。そんな銀座のラーメンストリート化した一角で最も人気があるお店がこちら。雰囲気的に全然ラーメン屋さんっぽくありません。その名も「むぎとオリーブ」。外観も店名もまったくラーメン屋さんっぽくありません。しかし超絶人気があり連日行列を作っています。この日は16時半という大変中途半端な時間にお昼となり、今日こそはと思い訪問してみました。通し営業万歳。メニューは鶏、蛤、鶏＆煮干＆蛤の三択。それにつけ麺とまぜそばがあります。説明は日本語オンリーですがタイトルが英語併記されております。説明書きです。蛤は三重県産、鶏は鳥取大山鶏。具は低温調理法を取り入れているようです。よい食材、最新の調理法から織りなすラーメンということになります。最近はそういったお店ばかりですが。券売機で食券を買います。券売機は日本語オンリーです。蛤、鶏、煮干しのトリプルを食べてみることにします。馬鹿だから麺も大盛りにしよう。1,000円超えてしまいました。店内は2本のカウンター席がそれぞれ10席と6席あります。そして驚くべきことに16時半という時間にして8割の客入り。さらには少ししたら待ち列まで出来てしまいました。お客さんの海外率は4割といったところ。銀座は今や2人に1人は外国人観光客という感じなので、こうなるのも場所的には当然かもしれません。英語の歌が流れたり、日本の古い歌謡曲が流れたりしています。工藤静香ですか。。。。。。店員さんは思い思いの服装をされているのも特徴の1つです。マリオみたいな帽子をかぶっていました。水はアルミのコップ、そしてラーメン屋さんなのにお手拭きが付いています。お手拭きが出てくるラーメン屋さんは相当レアです。店名にもある通り、卓上にはオリーブオイルが配備されています。オリーブオイル配備のラーメン屋さんは初めてです。麺は京都の棣鄂(ていがく)という製麺所のものを使っているようです。棣鄂という製麺所は初めて聞きます。珍しいもの尽くしであります。鶏・煮干・蛤のトリプルSOBA、980円也が到着しました。大盛りなので1,080円か。980円だけあって所狭しと具が乗っています。麺を大盛りにした影響で麺もぎっしり詰まっている感じに見えます。バランスを考えると大盛りにしないほうがいいかも。鶏の胸肉でしょうか。低温調理したようですが、結構パサパサしています。この肉が増えるのであれば特製にはむしろしない方が良いかもしれない。具としての蛤は大きさ、味ともにまずまず普通です。具の蛤を食べた後の殻は、小皿が提供されますのでそちらに取り分けます。鶏と蛤と煮干し。一番前面に出てくるのは鶏と醤油ダレです。蛤はほんの少しの風味を運んできて、煮干しはほぼ脇役といった感じです。貝特有の少しの苦味が相まって、まずまず独特のスープに仕上がっています。独特ですが奇をてらった感じではなく、むしろ正統派のラーメンスープっぽく、また塩気も過ぎず美味しいスープです。ただ、麺の量に対してスープが少なすぎます。途中からはまぜそばのようになってしまいます。やはり大盛りは止めたほうがよかった。麺がスープの中を全く泳ぎません。麺はしっかりとした細ストレート、歯ごたえある四角い麺です。食感を楽しめます。喉越しを楽しむのではなく、しっかりと噛んで味わいたい麺です。スープが少なすぎる問題はありましたが、美味しいラーメンでした。ただ行列ができる意味はよくわかりませんでした。トリプルにしたことで、どれの特徴も全て減少してしまったのがよくなかったか。蛤か鶏、どちらかにすべきだったかもしれません。外国人が好きな味なのかもしれません。===【オーダー】鶏・煮干・蛤のトリプルSOBA　980円大盛り　100円
"
,3.7,"
          ２回目の訪問はやはり一番人気とも言われる「蛤SOBA」980円。三重県桑名から直送される新鮮な蛤のみで作られる、貝の旨味たっぷりの魚介ダシです。大山鶏の鶏油と交わることでコクが加わり、蛤の旨味が一層際立ちます。「鶏SOBA」も美味しいですが、やはりこちらの方がオリジナリティがあって個人的には好きです。次回は鶏・煮干・蛤のトリプルＳＯＢＡを食したいと思います。ごちそうさまでした！！
"
"
さすがは名店、つけ麺もきっちり美味しく仕上がってました♪
",3.5,"
          鶏と蛤の濃厚つけ麺（並）　980円「ラーメン百名店TOKYO」巡りの一環で訪問してみました。時は平日の11時40分。既に店内は満席で外待ちが3名。百名店はどこも人気店ですのぅ。こちらさんは食券を購入してから待つスタイルのようですね。まあ知らずとも待ってたら店員さんが出てきて案内してくれるので心配ご無用です。注文は…こちらむぎオリさんは他の店舗でラーメン食べた事あるんだよな～。となると次なる一杯はまぜそばかつけ麺かな…んーーーー…なんとなくつけ麺ポチー。そこから待つ事10分ほどでご案内。食券は事前に回収されていてタイミングを計って作成開始されていたようで、中に入ってからさほど間を置かずサクッと配膳されました。まず見た目がすっごいゴージャス！これデフォ？？まるで特製のような豪華さですこと！まあお値段980円だからふつーの店の特製並と言えん事もないですが。ではいただきまっすー。まずは麺をそのままするする～。口当たりはスベスベと気持ちよく、食感もフニフニムニムニと柔らかながら適度なコシが。そして風味もかなりイイ感じ…これは良い麺ですわ♪つけ汁はシャバシャバ系ですがとにかく鶏の旨味が強い！そして甘め。そこに蛤出汁の旨味も加わって更に味に強さが！鶏と蛤がうまーくフィットしててホントに旨味が強いつけ汁になってますね～。甘めな味付けはちょいと個人的な好みからは外れますが、結構万人受けする仕上がりだと思います。そしてトッピング。水菜をやパプリカといった野菜は下味が付いてます。そしてそれ以上に好印象だったのが食べやすいこと！ムニムニ感とシャキシャキ感のコラボが無理なく楽しめるのです♪低温調理されたお肉も無難に美味しかったですね～。スープ割りをお願いするとポットを渡され、セルフで割り割り。割ってもあんまり風味は変わりませんね。美味しいのですが甘めで味が強いので終盤はちょこっと飽きがくる部分も…最後のスープ割りでガラっと魚介風味にでもなったら良かったかなー。ごちそうさまです。さすがは名店、つけ麺もきっちり美味しく仕上がってました♪でも個人的にはデフォのラーメンの方がオススメかなー？でもでも、次はまぜそば食べてみよっと。
        "
"
朝ごはん抜きで食べに来たい。ザギンのつけ麺
",3.9,"
          銀座と有楽町に用事があって、ソ…さんと銀座六丁目 銀座シックス裏の「むぎとオリーブ」銀座店さんへ                    お伺いいたしました。  先日、マイレビさんの大宮店に行かれたレビューを読んで、銀座に行ったら寄ってみようと思い、お店を   探して行ってみたら…お世話になってる相模原の 社長が持ってる駐車場のすぐ裏手にあってビックリ！       ここには何度も来ているのだけれども、全く    気がつかなかったな〜。ま、朧月さんと同じく         知らない人は来れないお店だと思います。   ラーメンが人気のお店のようですが、同じ六丁目に  ある、朧月さんのつけ麺を思い出して 濃厚つけ麺に 飽きたはずなのですが、「特製鶏と蛤の濃厚つけ麺」    （1,180円）をついつい注文してしまいました。   人気メニューの鶏SOBAと蛤SOBAを頼まず  濃厚つけ麺を注文するとは、相当へそが曲がって     来たな〜とニヤニヤしながら待っていると     物凄いゴージャスなつけ麺がやって来た。   これは凄いビジュアルだ！ 麺が見えない^ ^   濃厚な大山地鶏の鶏白湯と蛤の合わせ出汁と京都の製麺所と共同で作ったと聞く太麺と拘り玉子 さすがミシュランガイド2015にラーメン屋としては       初めてビブグルマンに選出されたお店。  実力は折り紙付き。  麺が見たくて鶏チャーシュー  以外をつけ汁を混ぜて移した上で麺をすくって  食べてみる。コシの強い太麺でまさに好みの麺。  麺の大盛をいつもの癖で頼んでしまっていた上に 玉子嫌いなソ…さんから、こだわり玉子をまるっと   一個いただいたので、お腹パンパンになって                 苦しくなってしまいました。 昨夜もあまりつままずに飲んだので、今朝は立川駅で    スジコンオムレツ定食を食べて来てしまった。     美味しいラーメン屋さんに居ながら1人悶絶しつけ麺をすする、変なおっさんに見られただろーな。   食いしん坊は食べ残すことが出来ないのです。 次回は朝食抜きで来て、大盛のつけ麺をまた味わって                いただきたいと思います。
"
"
東銀座＠むぎとオリーブ 銀座店（２） - Ｍｒヘルの緩～い生活
",3.9,"
          この日のランチタイムはこのエリア・・・メッチャ久しぶりなコチラへ再訪！【外観】こ～んな感じ・・・東銀座駅より晴海通りを中央通り方面へテクテクと・・・銀座三原通りを左折すると左手に見えて来ますよ～※車で来る事が多いのですが近くの路上は時間制限駐車区間（パーキングメーター）なので空きスペースがあれば困る事はございません！通り沿いはラーメン店が立ち並んでおりますねぇ～店前にはなかなかの行列・・・相方にどうする？って聞くと舌がコチラモードになっているので待つとの事にてこの日のランチ確定です！そうそうコチラって複数の店舗が出来たみたいですねぇ～※日本橋店・さいたま新都心店かな？タイトルにも銀座店と追記致しました！相変わらずラーメン店なのに女性比率が多いですねぇ～【券売機】店舗入ってすぐ右手のコチラにて・・・ポチっとなっ！おっ・・・ミシュラン★ゲット店でしたかっ・・・（ビブグルマンかな？）※この手の情報には疎いんでねっ・・・【店内の様子】こ～んな感じ・・・カウンターオンリーな店内の・・・店舗入ってすぐの場所に通されました！【カウンター上の様子】こ～んな感じ・・・相変わらず女子率高めな事が良～くわかる計算された卓上・・・【オーダー後】氷の入ったお冷＆おしぼりの御提供～何やらボールもご提供されました！ランチの提供まで暫し待ちます・・・【特製蛤ＳＯＢＡ】じゃ～ん！相方はコヤツをチョイス！【特製蛤ＳＯＢＡ　ズームアップ】じゃじゃ～ん！こ～んな感じ・・・醤油の良い香りが立ち上る丼のご提供ですよ～具は低温鶏＆豚チャーシュー・素揚げした山芋と結わかれたナルト・ハマグリ・三つ葉・海苔・刻み葱に別盛な特製は味玉・低温鶏＆豚チャーシュー・三つ葉・海苔です！【鶏・煮干・蛤のトリプルＳＯＢＡ】じゃ～ん！この日のランチはコヤツをチョイス！【鶏・煮干・蛤のトリプルＳＯＢＡ　ズームアップ】じゃじゃ～ん！こ～んな感じ・・・なんとなくオイラの感覚ではコチラではコヤツが標準なのかなぁ～と・・・で・・・ベースとなるコヤツは比較の為に必ずオーダーすべきかなぁ～っと・・・勝手に考えております！具は蛤と全く同じです！【鶏・煮干・蛤のトリプルＳＯＢＡ啜る】ムンズと麺をリフトアップし・・・ズズズ～っと・・・フムフム・・・相変わらず麺の風味がしっかりしていて美味しい！【鶏・煮干・蛤のトリプルＳＯＢＡ飲む】ちょいと気になった事があって・・・レンゲで掬って・・・ゴクゴクと・・・フムフム・・・初訪の時に感じた出汁の強さがイマイチ・・・旨味が弱くなった感じですねぇ～上品なまとまり感は感じられましたがちょいと残念・・・【山芋の素揚げ喰らう】ちょいとつまんで・・・パックンチョ！フムフム・・・やっぱコヤツ旨いわ～サクサクっとした歯応えが気持ちいい・・・スープとの相性もＧｏｏｄ！いぶし銀な名プレイヤーです！【蛤ＳＯＢＡ啜る】ムンズと麺をリフトアップし・・・ズズズ～っと・・・フムフム・・・風味の強い麺を蛤のシンプルなスープで美味しく頂きました！【具を喰らう】ちょいとつまんで・・・パックンチョ！フムフム・・・まぁ～どれもなかなかなレベルのお味でございます！さっすがミシュラン★ゲット店・・・【特製蛤ＳＯＢＡ＆鶏・煮干・蛤のトリプルＳＯＢＡ　完食】あっという間にズズズ～＆ガツガツ＆ゴクゴク＆パックンチョ！っと完食＆完飲～初訪時の感動ほどではございませんでしたが・・・ハイレベルなラーメンを堪能させて頂きました！この日も美味しく頂き・・・幸せでした！【厠】毎度なコチラの情報掲載して〆っ！
        "
"
■鶏SOBA 880円。行列ができるほどの人気店ですが…
",3.6,"
          2018  10月訪問(18:55)待ち9番目◎訪問時食べログ3.63点(レビュー数:712件)■鶏SOBA 880円『自家製麺 伊藤』さんからの連食で、すぐ近くのこちら『麦とオリーブ』さんに訪問しました(^^)すると外国人の団体さんを中心に結構な行列ができてましたね。お洒落なお店なので若い女性客が多かったのも印象的です。メディアでも取り上げられてたりするし、ビブグルマン(ミシュラン)にも選ばれたりしましたからね～。早めに食券を購入するよう指示があり、券売機の前で悩みます…。・鶏SOBA・蛤SOBA・鶏・煮干・蛤のトリプル・濃厚卵のまぜSOBA・鶏と蛤の濃厚つけ麺迷った時は券売機の左上よね～。ポチっとな❗『鶏SOBA』にしました(^o^)/カウンターのみの15席ほどの店内で、中間くらいの席に案内されました。提供されたラーメンにはいろいろ乗ってますね。具は豚と鶏チャーシュー、かまぼこ、長芋、三つ葉、海苔です。少し変わった具でそれぞれは美味しいとは思うけど、このラーメンとそんなに合ってるかな～。スープは大山鶏の丸鶏を使ったスープで少しチー油も浮かんでます。一口目は少し甘さが目立つなと思いましたが、次第に慣れてきて口当たりのよい芳醇なスープが美味しく感じてきましたね。麺は京都の『麺屋棣鄂』さんを使ってるようで、しっかり固めでコシがあり、結構麺量はあるように思いました。美味しいのは美味しいんやけど、期待値が高いのもあってか何か一体感に欠けるというか…手放しで旨い❗と言いにくいラーメンではあったかも。ごちそうさまでした。
"
"
気分は良くなかった(>_<)
",3.1,"
【2018年  69杯目】ちょっと方針変更して東京での3杯目のラーメンへ。次の目的地と羽田空港へのアクセスを考慮し、銀座で検索した結果こちらにうかがいました。14:00位でしたが、4人の行列。券売機で『鶏SOBA 880円』を購入し並びます。並んでいる4人はカップル2組、お一人様こちらへ！。4人追い越して入店させてもらいました。ﾍﾟｺﾘここらへんは店の方針が分かれますよね。空いていても先の客が座るまで待たせる店と断った上で案内する店、でも今断ったか？笑ちなみに自分は前者派、順番は頑なに守る派・守ってほしい派です。さて、ラーメンですが、麺が美味しいですね。京都の老舗製麺所『麺屋 ていがく』さんと共同開発したそうですが、確かにスープによく合った食感の良い小麦感溢れる美味しい麺でした(^-^)そしてスープですが、自分には塩辛いです。せっかくの鶏出汁が隠れてしまっているように感じます。尖った味とでも言うのでしょうか、ツンデレは好きですが、ツンだけでは駄目ですね。笑具材も野菜が1種類入っていたり、チャーシューも鶏と豚の2種類だったり、色々と工夫はされていて偉いなあとは思うのですが、それって必要？と思うこともあったり。色々と書きましたが不味いわけではなく、美味しい範疇なんですが、今後更に期待していますということで。現状、CPが良いとは言えませんな。接客面で納得できないことがあったのでマイナス。いくら混んでいても、食べ終わって一息つく暇もなく、さあ帰れはないと思います。こちらもそれ位の常識はあるから。ごちそうさまでした(^o^)
"
,3.5,"
          （偽）ラーメンオヤジ、銀座に現る!!2018年東京ツアーもいよいよラストΣ੧(❛□❛✿)スリーハンドレッドを後にして向かったのはこちら              むぎとオリーブ   銀座店GINZA SIXのすぐ裏手にあるお店で100名店の1つです(^O^)／昨年、築地からの帰りに来店しようかと思っていましたが篝   銀座店を見つけてしまいそちらに来店してしまいましたσ^_^;ちなみに篝はルクア大阪にもあるのでご存知の方も多いのではないでしょうか？(*^ω^*)しかし現在そちらのお店は閉店してありませんので行っていて良かったです(^^;)しかし先に築地場外にてまぐろ丼に寿司ランチスリーハンドレッドにて飲んでいるためお腹が一杯です(ﾉД`)ということでしばらくはGINZA SIXの店内や周りを散歩してお腹を減らす努力をしながら来店しました(^O^)／お店の前では7人ほどが並んでいましたが最初に通りかかったときよりは減っていましたこちらは先に店内の券売機にて食券を買ってから列に並ぶスタイルです今回は鶏・煮干・蛤のトリプルSOBAをチョイスしました(=^▽^)σしばらく並ぶこと来店となりましたカウンター席に座りながらラーメンの到着を待ちます(о´∀`о)いよいよお待ちかねのラーメンの到着です*\(^o^)/*トッピングは…・蛤・鶏チャーシュー・海苔・三つ葉・長芋・蒲鉾ラーメンは蕎麦のように噛むとパツンという食感でなかなか好みでした(*≧∀≦*)長芋や蒲鉾が入っているのは珍しかったですねΣ('◉⌓◉’)鶏チャーシューもなかなか美味しかったですよ(*^▽^*)ただこの（偽）ラーメンオヤジ（偽）とは注いていますがいろんなラーメンを食べているのでラーメン評論は厳しいですΣ੧(❛□❛✿)こちらのラーメンもなかなか美味しかったのですが大阪のラーメンの美味しさには勝てませんでしたね(^^;)…はっ、しまったΣ('◉⌓◉’)大阪というワードを使ってしまったΣ（ﾟдﾟlll）すでにお気付きの方もみえると思いますがここ70回ほどレビューに大阪のお店が全く出てきていません…だって大阪のレビュー書いたら行きたくなるもん(´･ω･`)安西先生、バスケがしたいです(´༎ຶོρ༎ຶོ`)ではなくアニチャリ、大阪に行きたいです〜｡ﾟ(ﾟ´ω`ﾟ)ﾟ｡ということで今から大阪に向かいま〜す╰(*´︶`*)╯♡2018年東京ツアー        これにておしまい(^O^)／
        "
"
しょっぱいけど美味しいつけ麺
",3.4,"
          火曜午後13時に行きました。外国人がよく来店してるようで、待ちの列にも店内にも外国人観光客が半分ほどいたのが銀座らしいなと思いました。待ちは5人ほどでした。先に食券を買い列に並びます。レビューをみてつけ麺にしました。途中で店員さんが店から出てきて食券を受け取り、並か大盛りか聞いてきました。その後も少々待ち、店内に案内されました。店内は綺麗でカウンターに座りました。先に食券を渡してあったので着丼まで短い時間でした。麺の方にオリーブオイルのかかったサラダやハマグリやパプリカ、海苔、レモン、肉2種などなど具沢山な感じでした。飽きずに食べることができました。つけダレは醤油が効いててかなりしょっぱいです。鳥と蛤の風味がしてまろやかで美味しいです。麺は小麦の風味がして歯切れもよく美味しかったです。並だと適量な麺量でした。途中で卓上のオリーブオイルや麺の上に乗ったレモンを絞って食べました。味が変わるので変化をつけたい方にはいいと思います。次回はラーメンの方にしたいと思いました。
        "
"
和の趣の美味しいラーメンでした。
",3.8,"
          　この日は、蕎麦とラーメンの連食です。　亀有の「吟八亭やざ和」さんでお蕎麦を頂いた後、雨が降り始めましたが、予定通り銀座へ。目指すは、東銀座駅に近い人気店「むぎとオリーブ」です。　お店を見つけて近づくと、店外に３，４人店内にも３人ほどの待ち客が。並ぶのはいやなので、近くにある岩手県の「アンテナショップ」で買い物してから、再度お店に向かうと思った通り待ちは無し。 　入店してちょっと迷いながらも一番シンプルな「鶏SOBA」（８８０円）を券売機で購入。案内された清潔なカウンター席に着席。壁には、ミシュラン掲載の表示がかけられています。　オープンカウンターなので、調理の様子が手に取るように眺められます。　さてしばらくして届いた肝心のラーメンのお味です。 　 　スープは見た目かなり濃い色なのですが、飲んでみると思ったより上品でしかも旨みがしっかり感じられるタイプです。良いスープです。 　麺は加水率低めの中細麺。なめらかな食感ですが、固めにゆで上げられていて食べ応えがあります。でも、いわゆるモチモチ感は感じられないタイプですね。不思議なことにお蕎麦の風味が感じられました。蕎麦粉が入っているわけではなさそうですが、口に含んだ印象がそうさせるのでしょうか。どちらにしても、かなり小麦粉にこだわった麺のようです。 　個人的にはモチモチ感のある麺が好きなので、麺についてはやや好みとは違いますがトータルのバランスはかなりハイレベルな感じがしました。　 特筆すべきは、トッピングの質感や彩りで、見た目も味も秀逸でした。　低温調理のチャーシュー・揚げ長イモ・三つ葉・結ばれた紅白の蒲鉾などなど。この日は、蕎麦とラーメンの連食です。　　　揚げ長イモがトッピングに載せられているのは、初めての経験ですね。三つ葉はスープの旨みに良いアクセントをプラスしていました。紅白の蒲鉾も良く合うのです。まあナルトの代わりと思えば納得なのですが。スライスされたチャーシューも上品な味わいです。　こちらのお店のラーメン、スープとトッピングだけで十分楽しめました。見た目もお味も「和の趣」が感じられる良いラーメンでした。美味しかったです。　鶏・蛤・煮干しのトリプルスープがあるので次回があれば是非食べてみたいですね
"
"
重なりあう味のハーモニーにメロメロ
",3.7,"
          １４:１０訪問。外待ち１２名土曜日でこの時間、そして雨模様と空いていると思っていたら甘かった。。。でもここまで来たら並ぶでしょう。20分程経って、店員さんから券売機に案内当初はシンプルにいこうと思いましたが鶏・煮干し・蛤のトリプルSOBA(980)＋味玉（100）＋チキンドライカーレー飯（200）ついつい、ちょろっと頼みます着丼は並び始めて30分。うんうん。この程度は前菜ですで先にドライカレーから着丼あ、うまそキーマ感が最高でもガマン先ずはメインを待って直ぐに本丸もー着丼あーうまそう見た瞬間に感じる美味しさこれこそラーメン美しいのですつるっとした麺をリフトアップズズうまうまうこれ、最高麺の麦に沁みた出汁がハーモニーしびれます普段はしないのですがスープ、絶対に美味しいスープをズズえーーーーむっちゃ美味いやんうまうまうーです何重にも重なった味が襲ってきます眼をつぶって味の夫々を考えますが、正直わかりません素晴らしい完成度チャーシューも、大根も頂くとそれぞれの重なりが絶妙バランス蛤も美味し！味玉も、ちょうどの黄身状態味も沁みてますドライカレーをそろそろ頂きますこれ、本格的なドライカレーですこれだけで勝負できますしかし、カレーを間に挟むと他の微妙なハーモニーが負けてしまうかもしれないですしかし全てに素材の良さが伝わります麺に出汁そして具がそれぞれを尊重しながら個性が浮かんできます感動ですねー
"
"
呆れる完成度
",4.5,"
          鶏と蛤の濃厚つけ麺980円（税別）、味玉100円（税別）、計1,170円（税込）。相変わらず特製でもないのに具沢山の賑やかさ。味変アイテムまで標準装備で食べ飽きるわけがない。ただひとつ、麺上げが難しい。具材をスープに移動しながらでないと、麺が付いてこない。でも、逆に言うとそれくらいしか言うことがない程に、満足ということです。（笑）
        "
"
鶏・煮干・蛤のトリプルスープの味わい
",3.5,"
          銀座で仕事。昼過ぎ、1時からの予定が2時に変更。すぐさま、ランチどこで食べようか。と銀座をブラブラしました。結局、訪問先の近くにあるラーメン屋、しかも食べログ100名店を獲得している「むぎとオリーブ」というお店を発見しました。食券を購入し、とりあえず鶏・煮干・蛤のトリプルスープ（1180円）を食べてみたかったので、それをチョイスしました～。食券買ってからしばらく待ち。しばらくしてカウンター席へ着席。サーモス？みたいな素材のコップの水は冷え冷えで、この暑い中だと大変うれしい。そして、エプロンを装着し、ラーメン着丼！まずはスープを一口。おいしい鶏そばって感じ。あんまり煮干・蛤感を感じなかったが・・・そして、長芋とカイワレ大根とお洒落なかまぼこ？みたいなのが入っていて個性的でした。インパクトはあるなあ。蛤は5,6個くらい入っていたかな。麺はストレートな鶏そばによくありがちな感じ。のど越しも良い。鶏チャーシューもおいしいね。煮卵もとろんとろんでベリーグッドです。まぁ、トータルしておいしいラーメン。さすが食べログラーメン100名店なだけはありますわ。食材が良いんだろうな～。それは間違いなく伝わってきました。食べ終わってから店員さんが、「もうお下げしてよろしいですかぁ～？」って聞かれて、はいはい早く出て行けって事ですね、ちょっとだけ急かされた感じ。そのくらい空気は読めますので30秒店を早く出るかそこらなんだけどな～（笑）なんて事を思ったのでしたｗまぁ、回転率が重要ですからねぇ～。
        "
"
鶏・蛤・煮干のトリプルSOBAの評価【3.6】普通に美味しかったのですが…
",3.6,"
          可愛い看板のお店です。今日も女性のお客さんが多いですね。私は3年ぶりくらいになるかと思います。今日は鶏・蛤・煮干のトリプルSOBA¥980を初めていただきます。麺は京都老舗製麺所に依頼して作ったオリジナルだそうです。麺肌も形も日本蕎麦のような口当たりで歯切れの良い麺です。三重県桑名産の蛤と鳥取県産の大山鶏と煮干しのトリプル出汁のスープは鶏油も少なめなのでまず蛤の味わいが広がります。そして鶏の出汁がじんわり効いてきます。但し、自分には煮干しの味わいがあまり感じられませんでした。カエシは甘めなので麺と絡むと日本蕎麦っぽさが増します。具は蛤5枚に鶏レアチャーシューが3枚に三つ葉、長芋、海苔、ナルトの素揚げです。出汁が多種で沢山、具も多種で沢山な一杯でしたが、私には色々な出汁が出た鍋の残り汁のようにエグ味も感じてしまい、どうも私にはスッキリ満足とはいきませんでした。一般的には美味しいらーめんだと思います。
        "
"
蛤SOBA980円
",3.6,"
          　11:17と13分前に着きましたが9人待ち。暑い日ですが、影で待てるのでラッキーです。GinzaSixの裏側の通りにあって、「じゃんがららーめん」や「九代目けいすけ」も並びにあります。こちらのお店の支店は確か、おおみや新都心にもあったような気がします。　オープンはきっちり11：30。一巡目で入れたのはラッキーでした。蛤SOBAを注文。980円。自分的にはラーメンで1000円を超すのはどうかと思っている。この場合、特製にすると1180円となり、ラーメンではなくＢ級グルメでもなく豪華料理の仲間入りと感じてしまう。　蛤だしの魚介スープに鶏油が合わさっている醤油スープ。醤油がとがりすぎないし、鶏油の鶏臭さも感じない上品なスープに中細のストレート麺（多分全粒粉を使っている）は小麦の香りもしっかりします。トッピングの鶏の胸肉もおいしいし、ミツバも海苔もおいしいトッピングでした。　食べてみると、これはＢ級グルメではなく、ラーメンという括りを超えています。ですから、2000円握りしめてくるお店です。またこのお味であれば、今回の980円も納得せざるおえないです。高級ラーメンごちそうさまでした。
        "
"
１００名店ぶらり訪問①  寄せ鍋の〆ラーメンを連想する自然かつ滋味深い味わい。
",3.7,"
          ８月９日（金）昼の訪問。午前中銀座で過ごして、お昼ご飯をどうしようか考えながら歩いていると、１０名くらいの行列を発見して並んでみることに、、、。回転が早くて、３０分後くらいにはカウンター席に案内されていました。ホール担当の店員さんが外で並んでいる人に順番で食券を購入するように声をかけてくれます。特製 鶏・煮干・蛤 トリプルＳＯＢＡ の食券を購入して、並んでいる間に店員さんに手渡しました。しばらくしてカウンター席に座ると、すぐにトリプルＳＯＢＡが配膳されました。回転の速さは無駄の少ないオペレーションの賜物かもしれません。特製 鶏・煮干・蛤のトリプルスープですが、レンゲで一口すすってみると、具沢山の寄せ鍋のスープのような、滋味深い味わいです。乾物系ではなく生鮮系の旨味が染み出たスープで、そのままご飯を投入して、雑炊風にして食べても美味しそうです。具材は低温調理された豚と鶏のチャーシューと揚げた長芋、出汁をとった後？の蛤に６分３０秒の半熟味玉、ナルトを結んで揚げたものに三つ葉です。香味野菜としての三つ葉は、寄せ鍋を連想するスープに自然と馴染んでいる反面、出汁をとった後なのかエキス分が抜けてアサリくらいのサイズ感になった蛤は、むしろ無くてもいいような活躍ぶりです。特に印象的な具材は揚げられた結びナルトで、普段存在感の薄いナルトは細長くカットされて結ばれて揚げられると、弾力がアップするようで美味しく感じました。卓上にはエシャロットオイルと黒胡椒が置かれていて、途中で胡椒を入れると寄せ鍋風のスープは一気に支那そばっぽい雰囲気に変わります。個人的な感想として、普通のトリプルＳＯＢＡでも具材は沢山のっているので、１０００円オーバーになる特製トッピングは無くても充分だと思いました。二日酔いでしんどい時に優しく迎え入れてくれそうなラーメンです。今度来た時は玉子かけご飯も一緒に頼みたいな。
        "
"
次回に期待。
",3.3,"
          この日、東京に到着後麺処 銀笹さんへ伺おうと思い夜に営業時間ネットで確認し、開店からまだ1時間しないうちに行ってみるとスープ切れの為終了との張り紙。気を取り直しむぎとオリーブまで移動。いつも行列ができているので、覚悟していると表には人がおりません。ラッキーと思うと中に結構並んでいるんですね。そして券売機で前の3人がすごく長い時間悩んでいる。その間に外待ち1番目の私の後に5〜6人並ぶ。雨が降ってくる。早く選んでくれという状況。その原因が券売機に行くと分かりました。なんとこちらもほぼ売り切れで、選べるのが蛤SOBA 系か濃厚卵の混ぜSOBA の並のみです。本当はトリプルSOBAいきたかったのですが。やむなく蛤SOBA です。悔しくて特製にしました。中で並んでいると一人だったので、前に並んでいる5〜6人飛ばしてすぐ席に案内されました。そしてかなり早くラーメン到着。特製用の具材は別盛りなんですね。確かに低音調理のお肉は美味しいですがここ最近は結構やっているお店も多く、蛤のスープも美味しいですがめちゃくちゃ美味しいかというとそこまででもない気がします。今度はきっちりトリプルか鶏を食べてみたいです。
"
,3.8,"
          17時45分頃に到着。券売機で特製鶏・煮干・蛤のトリプルSOBA（¥1,180）を選択。先客は3名でしたが、グループの方々だったので、席の空き状況の関係で先に通していただく。予想に反して男性客が多いです。店員さんも意外（？）に無骨な感じ。ちょっぴりホッとするような、残念なような（笑）。さて、程なく配膳。具は鶏チャーシュー3枚、蛤5個、長芋の素揚げ2つ、噂の結んだナルトに海苔と三つ葉。それに特製の追加が低温調理の豚チャーシュー、鶏チャーシュー2枚、煮卵、海苔2枚に大きな三つ葉。これは別皿で提供されます。スープはしっかりと蛤の味がして、コクがあります。刻んだエシャロットがアクセントになってます。でも鶏と煮干感は少なめ。チャーシューはどちらもとても美味しいです。また、しっかりとした麺が喉越しが良くて、普段は太麺好きな私も大満足の味わい。煮卵はちょっぴり物足りないかな。そして、最大のポイントが三つ葉。コレが私には大ヒット！美味しかったです。つけ麺も食べてみたいですね。ごちそうさまでした。
"
